,,,,,,,,,,,,,,,,,
,,,,,,,,,,,,,,,,,
,,,,,,,,,,,,,,,,,
,,,,,,,,,,,,,,,,,
United Nations,,,,,,,,,,,,,,,,,
Population Division,,,,,,,,,,,,,,,,,
Department of Economic and Social Affairs,,,,,,,,,,,,,,,,,
,,,,,,,,,,,,,,,,,
World Population Prospects: The 2017 Revision,,,,,,,,,,,,,,,,,
"File MORT/1-1: Infant mortality rate (both sexes combined) by region, subregion and country, 1950-2100 (infant deaths per 1,000 live births)",,,,,,,,,,,,,,,,,
"Estimates, 1950 - 2015",,,,,,,,,,,,,,,,,
POP/DB/WPP/Rev.2017/MORT/F01-1,,,,,,,,,,,,,,,,,
June 2017 - Copyright © 2017 by United Nations. All rights reserved,,,,,,,,,,,,,,,,,
"Suggested citation: United Nations, Department of Economic and Social Affairs, Population Division (2017). World Population Prospects: The 2017 Revision, DVD Edition.",,,,,,,,,,,,,,,,,
,,,,,,,,,,,,,,,,,
,,,,,"Infant mortality rate, 1q0, for both sexes combined (infant deaths per 1,000 live births)",,,,,,,,,,,,
Index,Variant,"Region, subregion, country or area *",Notes,Country code,1950-1955,1955-1960,1960-1965,1965-1970,1970-1975,1975-1980,1980-1985,1985-1990,1990-1995,1995-2000,2000-2005,2005-2010,2010-2015
1,Estimates,WORLD,,900,   142,   130,   122,   105,   95,   85,   75,   67,   63,   57,   49,   41,   35
2,Estimates,More developed regions,a,901,   59,   43,   33,   26,   21,   18,   15,   13,   11,   9,   7,   6,   5
3,Estimates,Less developed regions,b,902,   161,   149,   139,   118,   106,   95,   84,   74,   69,   63,   54,   45,   38
4,Estimates,Least developed countries,c,941,   202,   184,   168,   154,   151,   137,   125,   114,   107,   93,   79,   66,   56
5,Estimates,"Less developed regions, excluding least developed countries",d,934,   155,   144,   135,   112,   99,   87,   76,   66,   61,   54,   47,   39,   33
6,Estimates,"Less developed regions, excluding China",,948,   177,   157,   142,   129,   119,   106,   94,   83,   76,   68,   58,   50,   43
7,Estimates,High-income countries,e,1503,   53,   45,   37,   30,   23,   18,   14,   12,   9,   7,   6,   6,   5
8,Estimates,Middle-income countries,e,1517,   155,   143,   134,   113,   101,   90,   78,   68,   63,   57,   48,   40,   33
9,Estimates,Upper-middle-income countries,e,1502,   131,   123,   121,   92,   75,   61,   50,   43,   39,   33,   26,   19,   15
10,Estimates,Lower-middle-income countries,e,1501,   183,   163,   148,   135,   126,   112,   99,   88,   79,   70,   60,   51,   44
11,Estimates,Low-income countries,e,1500,   195,   177,   165,   151,   140,   132,   124,   116,   112,   98,   83,   70,   60
12,Estimates,Sub-Saharan Africa,f,947,   185,   170,   157,   145,   134,   123,   116,   112,   111,   101,   87,   74,   62
13,Estimates,AFRICA,,903,   188,   171,   157,   145,   134,   121,   111,   104,   102,   93,   81,   68,   57
14,Estimates,Eastern Africa,,910,   180,   165,   150,   138,   129,   121,   117,   112,   112,   94,   77,   63,   52
15,Estimates,Burundi,,108,   167,   158,   149,   140,   137,   125,   117,   112,   121,   103,   95,   86,   78
16,Estimates,Comoros,,174,   192,   180,   167,   154,   139,   127,   109,   93,   81,   74,   73,   67,   58
17,Estimates,Djibouti,,262,   154,   143,   131,   120,   104,   96,   87,   81,   76,   72,   68,   63,   55
18,Estimates,Eritrea,,232,   199,   182,   160,   148,   140,   132,   121,   112,   95,   71,   59,   52,   45
19,Estimates,Ethiopia,,231,   199,   181,   160,   148,   141,   137,   140,   126,   114,   97,   78,   60,   46
20,Estimates,Kenya,,404,   147,   134,   117,   104,   91,   80,   71,   69,   71,   70,   62,   49,   39
21,Estimates,Madagascar,,450,   183,   169,   156,   145,   134,   122,   109,   108,   100,   78,   58,   45,   37
22,Estimates,Malawi,,454,   198,   192,   186,   180,   169,   159,   151,   144,   132,   115,   99,   80,   66
23,Estimates,Mauritius,1,480,   103,   74,   61,   67,   61,   38,   26,   23,   18,   20,   13,   13,   12
24,Estimates,Mayotte,,175,   142,   109,   82,   61,   46,   34,   25,   19,   14,   10,   8,   6,   4
25,Estimates,Mozambique,,508,   220,   201,   185,   172,   158,   148,   152,   146,   135,   114,   94,   78,   67
26,Estimates,Réunion,,638,   142,   109,   82,   61,   46,   34,   25,   19,   14,   10,   8,   6,   4
27,Estimates,Rwanda,,646,   160,   152,   143,   137,   135,   128,   109,   116,   288,   122,   91,   60,   44
28,Estimates,Seychelles,,690,   85,   77,   72,   64,   43,   28,   18,   12,   12,   11,   11,   10,   10
29,Estimates,Somalia,,706,   200,   186,   173,   161,   147,   137,   128,   123,   130,   105,   97,   90,   79
30,Estimates,South Sudan,,728,   248,   226,   209,   194,   181,   169,   164,   150,   130,   114,   101,   89,   78
31,Estimates,Uganda,,800,   160,   145,   130,   116,   112,   111,   112,   114,   107,   96,   79,   68,   60
32,Estimates,United Republic of Tanzania,2,834,   153,   143,   136,   128,   119,   109,   104,   101,   100,   89,   67,   52,   44
33,Estimates,Zambia,,894,   148,   137,   127,   118,   107,   101,   103,   108,   109,   101,   82,   65,   54
34,Estimates,Zimbabwe,,716,   115,   105,   97,   90,   83,   74,   63,   58,   60,   65,   67,   58,   47
35,Estimates,Middle Africa,,911,   181,   171,   161,   151,   139,   130,   123,   118,   115,   114,   100,   85,   72
36,Estimates,Angola,,24,   219,   211,   199,   186,   173,   161,   155,   152,   148,   134,   108,   84,   65
37,Estimates,Cameroon,,120,   169,   158,   145,   133,   120,   108,   99,   95,   98,   102,   89,   77,   68
38,Estimates,Central African Republic,,140,   204,   189,   176,   160,   138,   119,   110,   110,   113,   115,   113,   106,   94
39,Estimates,Chad,,148,   186,   177,   169,   160,   146,   138,   130,   123,   119,   114,   111,   105,   91
40,Estimates,Congo,,178,   142,   123,   107,   97,   90,   84,   79,   77,   79,   85,   81,   61,   47
41,Estimates,Democratic Republic of the Congo,,180,   167,   158,   151,   143,   134,   129,   121,   116,   110,   113,   100,   84,   73
42,Estimates,Equatorial Guinea,,226,   196,   186,   176,   167,   158,   149,   130,   121,   111,   99,   90,   80,   70
43,Estimates,Gabon,,266,   179,   167,   158,   134,   114,   95,   78,   63,   60,   59,   58,   49,   41
44,Estimates,Sao Tome and Principe,,678,   124,   112,   99,   88,   76,   65,   64,   61,   58,   55,   52,   46,   44
45,Estimates,Northern Africa,,912,   201,   175,   158,   144,   134,   112,   90,   69,   59,   46,   39,   33,   28
46,Estimates,Algeria,,12,   163,   154,   143,   132,   122,   105,   75,   55,   48,   42,   37,   33,   28
47,Estimates,Egypt,,818,   249,   205,   184,   170,   165,   133,   107,   74,   60,   37,   29,   23,   19
48,Estimates,Libya,,434,   254,   230,   166,   121,   90,   67,   51,   41,   33,   30,   27,   24,   24
49,Estimates,Morocco,,504,   151,   143,   133,   123,   113,   102,   84,   67,   53,   44,   37,   33,   28
50,Estimates,Sudan,,729,   135,   122,   111,   102,   93,   89,   87,   84,   80,   70,   62,   54,   49
51,Estimates,Tunisia,,788,   232,   218,   195,   173,   140,   97,   66,   49,   35,   29,   23,   19,   18
52,Estimates,Western Sahara,,732,   217,   201,   187,   173,   160,   134,   110,   88,   76,   64,   53,   43,   34
53,Estimates,Southern Africa,,913,   134,   118,   108,   99,   86,   74,   64,   55,   52,   58,   62,   54,   38
54,Estimates,Botswana,,72,   135,   124,   113,   104,   90,   75,   64,   59,   62,   73,   65,   46,   35
55,Estimates,Lesotho,,426,   169,   150,   134,   130,   123,   110,   94,   84,   71,   81,   87,   74,   60
56,Estimates,Namibia,,516,   172,   149,   130,   115,   101,   86,   78,   68,   61,   60,   59,   47,   36
57,Estimates,South Africa,,710,   130,   114,   105,   96,   83,   71,   61,   52,   49,   56,   60,   53,   37
58,Estimates,Swaziland,,748,   174,   160,   150,   141,   124,   108,   90,   73,   71,   81,   87,   76,   56
59,Estimates,Western Africa,3,914,   200,   186,   172,   159,   146,   132,   123,   120,   116,   108,   96,   83,   70
60,Estimates,Benin,,204,   209,   192,   177,   163,   151,   135,   124,   114,   102,   93,   84,   75,   68
61,Estimates,Burkina Faso,,854,   228,   209,   192,   172,   153,   133,   119,   110,   104,   99,   90,   78,   65
62,Estimates,Cabo Verde,,132,   132,   128,   125,   108,   94,   69,   61,   53,   46,   37,   25,   23,   22
63,Estimates,Côte d'Ivoire,,384,   268,   237,   200,   169,   144,   125,   113,   107,   103,   99,   92,   85,   72
64,Estimates,Gambia,,270,   156,   150,   144,   127,   113,   101,   90,   82,   76,   67,   59,   52,   50
65,Estimates,Ghana,,288,   147,   134,   122,   113,   106,   99,   93,   83,   73,   67,   61,   55,   46
66,Estimates,Guinea,,324,   207,   200,   195,   192,   185,   171,   156,   142,   128,   112,   95,   78,   66
67,Estimates,Guinea-Bissau,,624,   180,   174,   168,   159,   152,   143,   135,   128,   121,   109,   101,   91,   80
68,Estimates,Liberia,,430,   224,   218,   212,   195,   177,   164,   154,   158,   154,   129,   97,   72,   59
69,Estimates,Mali,,466,   242,   224,   207,   192,   176,   163,   151,   139,   127,   121,   107,   89,   79
70,Estimates,Mauritania,,478,   148,   135,   123,   114,   106,   99,   89,   83,   80,   76,   76,   72,   68
71,Estimates,Niger,,562,   162,   160,   158,   156,   151,   139,   133,   139,   130,   103,   88,   75,   66
72,Estimates,Nigeria,,566,   200,   186,   173,   159,   147,   134,   125,   126,   126,   119,   104,   90,   76
73,Estimates,Senegal,,686,   128,   123,   118,   113,   108,   97,   85,   75,   72,   68,   61,   51,   44
74,Estimates,Sierra Leone,,694,   236,   228,   221,   210,   181,   162,   151,   151,   160,   149,   135,   117,   94
75,Estimates,Togo,,768,   186,   164,   145,   128,   113,   101,   92,   87,   83,   80,   77,   63,   56
76,Estimates,ASIA,,935,   157,   147,   138,   114,   101,   90,   78,   67,   62,   55,   46,   37,   31
77,Estimates,Eastern Asia,,906,   122,   122,   125,   88,   66,   50,   41,   40,   37,   32,   23,   16,   11
78,Estimates,China,4,156,   129,   131,   135,   94,   72,   55,   45,   42,   40,   34,   25,   17,   12
79,Estimates,"China, Hong Kong SAR",5,344,   62,   46,   34,   25,   17,   13,   9,   7,   5,   4,   3,   2,   2
80,Estimates,"China, Macao SAR",6,446,   66,   56,   44,   35,   26,   20,   15,   11,   9,   6,   5,   4,   3
81,Estimates,"China, Taiwan Province of China",,158,   79,   57,   48,   40,   15,   11,   8,   6,   5,   7,   6,   5,   4
82,Estimates,Dem. People's Republic of Korea,,408,   122,   83,   80,   58,   45,   36,   31,   27,   42,   58,   28,   27,   19
83,Estimates,Japan,,392,   48,   36,   25,   16,   12,   8,   6,   5,   4,   4,   3,   3,   2
84,Estimates,Mongolia,,496,   183,   165,   135,   119,   107,   104,   102,   92,   68,   54,   41,   31,   23
85,Estimates,Republic of Korea,,410,   138,   114,   90,   64,   39,   34,   25,   16,   10,   7,   5,   4,   3
86,Estimates,South-Central Asia,7,921,   194,   175,   159,   147,   139,   121,   106,   94,   82,   72,   61,   51,   43
87,Estimates,Central Asia,,5500,   126,   117,   108,   99,   90,   82,   75,   68,   63,   56,   48,   38,   29
88,Estimates,Kazakhstan,,398,   110,   102,   93,   85,   77,   69,   60,   52,   51,   43,   32,   24,   14
89,Estimates,Kyrgyzstan,,417,   140,   130,   120,   110,   100,   90,   80,   70,   60,   48,   38,   30,   20
90,Estimates,Tajikistan,,762,   160,   151,   142,   133,   125,   116,   107,   98,   88,   72,   63,   49,   39
91,Estimates,Turkmenistan,,795,   150,   140,   130,   120,   111,   101,   91,   81,   75,   68,   62,   54,   47
92,Estimates,Uzbekistan,,860,   125,   115,   105,   94,   84,   78,   71,   65,   59,   55,   50,   41,   31
93,Estimates,Southern Asia,,5501,   196,   177,   161,   149,   141,   123,   108,   95,   83,   72,   61,   52,   44
94,Estimates,Afghanistan,,4,   280,   255,   234,   216,   198,   180,   159,   134,   111,   99,   89,   77,   69
95,Estimates,Bangladesh,,50,   220,   189,   166,   152,   183,   140,   126,   109,   90,   73,   56,   43,   33
96,Estimates,Bhutan,,64,   246,   226,   202,   176,   151,   131,   110,   92,   76,   62,   52,   40,   30
97,Estimates,India,,356,   186,   170,   157,   147,   136,   121,   106,   93,   82,   71,   60,   50,   41
98,Estimates,Iran (Islamic Republic of),,364,   220,   198,   175,   154,   124,   95,   71,   50,   40,   32,   25,   19,   15
99,Estimates,Maldives,,462,   268,   247,   222,   191,   157,   122,   95,   76,   60,   44,   27,   15,   9
100,Estimates,Nepal,,524,   229,   224,   211,   189,   169,   150,   131,   110,   88,   68,   53,   41,   33
101,Estimates,Pakistan,,586,   256,   206,   171,   149,   135,   126,   119,   110,   102,   93,   84,   77,   70
102,Estimates,Sri Lanka,,144,   89,   74,   61,   53,   44,   36,   29,   24,   20,   16,   13,   10,   8
103,Estimates,South-Eastern Asia,,920,   156,   133,   115,   99,   86,   81,   68,   55,   47,   40,   34,   29,   24
104,Estimates,Brunei Darussalam,,96,   81,   67,   49,   39,   31,   25,   20,   16,   13,   10,   8,   6,   6
105,Estimates,Cambodia,,116,   142,   136,   134,   132,   139,   320,   153,   86,   86,   86,   66,   45,   30
106,Estimates,Indonesia,,360,   192,   166,   144,   124,   105,   92,   80,   68,   56,   45,   36,   30,   25
107,Estimates,Lao People's Democratic Republic,,418,   177,   167,   157,   147,   138,   130,   122,   108,   96,   82,   69,   57,   47
108,Estimates,Malaysia,8,458,   102,   81,   64,   48,   37,   28,   21,   16,   12,   9,   7,   7,   7
109,Estimates,Myanmar,,104,   213,   175,   156,   124,   112,   101,   90,   81,   73,   65,   58,   52,   45
110,Estimates,Philippines,,608,   97,   87,   77,   68,   59,   62,   55,   40,   36,   32,   28,   25,   22
111,Estimates,Singapore,,702,   61,   43,   29,   24,   19,   13,   9,   5,   5,   4,   3,   2,   2
112,Estimates,Thailand,,764,   127,   109,   93,   78,   63,   51,   42,   33,   26,   21,   17,   13,   11
113,Estimates,Timor-Leste,,626,   264,   242,   221,   201,   183,   253,   184,   141,   119,   85,   64,   50,   44
114,Estimates,Viet Nam,,704,   104,   81,   67,   57,   54,   46,   41,   37,   34,   29,   25,   22,   19
115,Estimates,Western Asia,,922,   192,   172,   152,   131,   113,   92,   72,   57,   48,   38,   31,   25,   23
116,Estimates,Armenia,,51,   83,   78,   73,   68,   63,   58,   53,   48,   44,   35,   27,   21,   13
117,Estimates,Azerbaijan,9,31,   120,   115,   110,   105,   100,   95,   90,   85,   82,   65,   54,   41,   31
118,Estimates,Bahrain,,48,   172,   147,   105,   71,   47,   32,   23,   18,   15,   12,   10,   8,   7
119,Estimates,Cyprus,10,196,   65,   51,   40,   32,   25,   19,   15,   12,   9,   7,   6,   4,   4
120,Estimates,Georgia,11,268,   80,   73,   66,   59,   52,   49,   47,   44,   45,   38,   29,   20,   11
121,Estimates,Iraq,,368,   225,   170,   129,   91,   73,   57,   43,   40,   37,   36,   35,   33,   32
122,Estimates,Israel,,376,   39,   33,   28,   24,   21,   17,   14,   11,   8,   6,   5,   4,   3
123,Estimates,Jordan,,400,   147,   120,   96,   77,   66,   54,   43,   34,   29,   26,   22,   20,   17
124,Estimates,Kuwait,,414,   124,   94,   71,   54,   42,   33,   24,   16,   13,   11,   10,   10,   8
125,Estimates,Lebanon,,422,   68,   60,   53,   47,   42,   38,   35,   30,   25,   19,   14,   11,   9
126,Estimates,Oman,,512,   211,   180,   154,   131,   109,   83,   59,   42,   31,   22,   15,   10,   10
127,Estimates,Qatar,,634,   106,   87,   69,   51,   37,   29,   23,   18,   15,   12,   9,   8,   7
128,Estimates,Saudi Arabia,,682,   202,   181,   160,   137,   105,   77,   56,   41,   30,   23,   17,   15,   13
129,Estimates,State of Palestine,12,275,   140,   131,   117,   99,   83,   66,   51,   40,   33,   28,   25,   22,   20
130,Estimates,Syrian Arab Republic,,760,   141,   124,   108,   90,   71,   55,   43,   33,   26,   21,   18,   15,   18
131,Estimates,Turkey,,792,   217,   201,   179,   160,   145,   120,   95,   73,   56,   37,   25,   16,   13
132,Estimates,United Arab Emirates,,784,   181,   143,   110,   79,   57,   41,   30,   22,   16,   12,   9,   7,   6
133,Estimates,Yemen,,887,   251,   251,   251,   213,   180,   147,   117,   95,   84,   75,   68,   53,   47
134,Estimates,EUROPE,,908,   72,   50,   37,   30,   25,   22,   18,   16,   13,   10,   8,   6,   5
135,Estimates,Eastern Europe,,923,   90,   57,   40,   32,   28,   27,   24,   21,   19,   17,   14,   10,   8
136,Estimates,Belarus,,112,   96,   57,   38,   26,   21,   22,   20,   16,   15,   15,   10,   6,   4
137,Estimates,Bulgaria,,100,   90,   62,   36,   30,   25,   22,   17,   14,   15,   15,   13,   10,   8
138,Estimates,Czechia,,203,   42,   23,   20,   22,   20,   17,   14,   11,   9,   5,   4,   3,   3
139,Estimates,Hungary,,348,   72,   55,   43,   37,   35,   26,   20,   17,   13,   10,   7,   6,   5
140,Estimates,Poland,,616,   79,   59,   50,   36,   32,   27,   24,   20,   16,   10,   7,   6,   5
141,Estimates,Republic of Moldova,13,498,   81,   69,   59,   49,   46,   46,   36,   31,   29,   24,   19,   16,   14
142,Estimates,Romania,,642,   91,   80,   54,   51,   39,   31,   26,   26,   23,   20,   17,   12,   9
143,Estimates,Russian Federation,,643,   100,   59,   40,   31,   26,   29,   26,   24,   22,   21,   16,   11,   8
144,Estimates,Slovakia,,703,   74,   38,   27,   25,   25,   22,   18,   14,   12,   9,   7,   6,   6
145,Estimates,Ukraine,14,804,   79,   46,   31,   23,   21,   23,   20,   18,   17,   17,   15,   13,   9
146,Estimates,Northern Europe,15,924,   34,   26,   22,   18,   16,   13,   11,   9,   7,   6,   5,   4,   4
147,Estimates,Channel Islands,16,830,   32,   28,   27,   25,   23,   21,   18,   16,   14,   12,   10,   9,   8
148,Estimates,Denmark,,208,   28,   23,   20,   16,   12,   9,   8,   8,   6,   5,   5,   4,   4
149,Estimates,Estonia,,233,   85,   50,   33,   23,   21,   22,   20,   18,   16,   12,   7,   5,   3
150,Estimates,Finland,17,246,   33,   25,   19,   15,   12,   9,   6,   6,   5,   4,   3,   3,   2
151,Estimates,Iceland,,352,   22,   18,   17,   13,   12,   9,   6,   6,   5,   4,   3,   2,   2
152,Estimates,Ireland,,372,   41,   33,   28,   22,   18,   15,   10,   8,   7,   6,   5,   4,   3
153,Estimates,Latvia,,428,   77,   45,   30,   22,   20,   23,   18,   15,   18,   16,   10,   8,   6
154,Estimates,Lithuania,,440,   108,   64,   43,   27,   22,   22,   18,   15,   16,   11,   8,   6,   4
155,Estimates,Norway,18,578,   22,   19,   17,   14,   11,   9,   8,   8,   6,   4,   3,   3,   2
156,Estimates,Sweden,,752,   19,   17,   15,   12,   10,   8,   7,   6,   5,   4,   3,   3,   2
157,Estimates,United Kingdom,,826,   28,   24,   22,   19,   17,   14,   11,   9,   7,   6,   5,   5,   4
158,Estimates,Southern Europe,19,925,   77,   63,   52,   41,   30,   22,   17,   13,   10,   8,   6,   5,   4
159,Estimates,Albania,,8,   145,   125,   99,   77,   58,   47,   43,   38,   31,   26,   21,   17,   15
160,Estimates,Bosnia and Herzegovina,,70,   189,   136,   98,   73,   49,   34,   26,   18,   18,   11,   10,   9,   8
161,Estimates,Croatia,,191,   96,   71,   50,   35,   25,   22,   18,   14,   10,   7,   7,   6,   4
162,Estimates,Greece,,300,   46,   41,   38,   34,   25,   21,   15,   12,   8,   7,   5,   3,   3
163,Estimates,Italy,,380,   59,   48,   40,   32,   26,   17,   12,   9,   7,   5,   4,   3,   3
164,Estimates,Malta,,470,   51,   33,   28,   23,   20,   17,   14,   12,   10,   8,   7,   6,   5
165,Estimates,Montenegro,,499,   120,   104,   72,   50,   33,   29,   26,   21,   18,   12,   12,   11,   4
166,Estimates,Portugal,,620,   92,   87,   77,   61,   45,   30,   20,   14,   9,   6,   5,   3,   3
167,Estimates,Serbia,20,688,   118,   103,   88,   69,   51,   40,   35,   22,   17,   16,   14,   12,   10
168,Estimates,Slovenia,,705,   23,   19,   17,   17,   16,   14,   13,   10,   7,   5,   4,   3,   3
169,Estimates,Spain,21,724,   63,   51,   42,   33,   23,   15,   11,   8,   7,   5,   4,   3,   3
170,Estimates,TFYR Macedonia,22,807,   136,   113,   95,   82,   69,   62,   52,   40,   27,   18,   13,   11,   9
171,Estimates,Western Europe,23,926,   44,   35,   27,   21,   18,   13,   10,   8,   6,   5,   4,   4,   3
172,Estimates,Austria,,40,   53,   42,   32,   26,   24,   16,   12,   9,   7,   5,   4,   4,   3
173,Estimates,Belgium,,56,   45,   35,   27,   22,   18,   14,   11,   9,   8,   5,   4,   4,   3
174,Estimates,France,,250,   46,   34,   25,   21,   16,   12,   9,   8,   7,   5,   4,   4,   3
175,Estimates,Germany,,276,   46,   39,   30,   23,   21,   16,   11,   8,   6,   5,   4,   4,   3
176,Estimates,Luxembourg,,442,   43,   37,   29,   21,   18,   13,   12,   9,   7,   5,   5,   2,   3
177,Estimates,Netherlands,,528,   23,   18,   16,   13,   11,   9,   8,   7,   6,   5,   5,   4,   3
178,Estimates,Switzerland,,756,   29,   24,   21,   17,   14,   10,   8,   7,   6,   5,   5,   4,   4
179,Estimates,LATIN AMERICA AND THE CARIBBEAN,,904,   128,   114,   102,   91,   81,   70,   60,   48,   39,   32,   25,   21,   19
180,Estimates,Caribbean,24,915,   125,   111,   94,   83,   73,   70,   66,   54,   46,   39,   33,   30,   27
181,Estimates,Antigua and Barbuda,,28,   93,   76,   62,   50,   41,   33,   27,   22,   18,   15,   12,   10,   9
182,Estimates,Aruba,,533,   69,   52,   43,   36,   29,   25,   20,   19,   19,   18,   18,   16,   15
183,Estimates,Bahamas,,44,   71,   58,   48,   40,   33,   27,   22,   18,   16,   14,   12,   10,   9
184,Estimates,Barbados,,52,   86,   72,   60,   45,   37,   30,   25,   20,   17,   14,   12,   11,   10
185,Estimates,Cuba,,192,   81,   70,   59,   50,   38,   22,   18,   13,   10,   8,   6,   6,   5
186,Estimates,Curaçao,,531,   66,   50,   41,   34,   27,   22,   18,   17,   15,   15,   15,   13,   10
187,Estimates,Dominican Republic,,214,   153,   139,   124,   109,   96,   86,   75,   63,   48,   41,   35,   30,   25
188,Estimates,Grenada,,308,   108,   87,   69,   55,   44,   35,   28,   22,   18,   14,   12,   10,   10
189,Estimates,Guadeloupe,25,312,   81,   65,   52,   42,   33,   27,   21,   17,   14,   11,   9,   7,   6
190,Estimates,Haiti,,332,   221,   195,   172,   151,   136,   132,   123,   101,   86,   70,   56,   52,   47
191,Estimates,Jamaica,,388,   90,   76,   59,   49,   42,   33,   30,   26,   23,   22,   20,   18,   15
192,Estimates,Martinique,,474,   81,   66,   55,   45,   35,   28,   22,   17,   14,   11,   9,   8,   6
193,Estimates,Puerto Rico,,630,   63,   51,   45,   33,   25,   20,   17,   14,   12,   11,   8,   7,   6
194,Estimates,Saint Lucia,,662,   148,   130,   90,   57,   46,   33,   24,   20,   17,   15,   14,   12,   11
195,Estimates,Saint Vincent and the Grenadines,,670,   122,   144,   112,   77,   54,   41,   36,   28,   22,   21,   21,   19,   17
196,Estimates,Trinidad and Tobago,,780,   83,   67,   51,   48,   43,   38,   32,   29,   28,   29,   29,   27,   25
197,Estimates,United States Virgin Islands,,850,   58,   47,   41,   35,   30,   25,   22,   18,   15,   13,   12,   11,   9
198,Estimates,Central America,,916,   130,   111,   97,   87,   76,   64,   54,   45,   36,   30,   23,   22,   20
199,Estimates,Belize,,84,   100,   89,   78,   69,   60,   50,   40,   35,   30,   23,   20,   17,   14
200,Estimates,Costa Rica,,188,   103,   93,   82,   70,   56,   35,   23,   17,   15,   12,   11,   10,   9
201,Estimates,El Salvador,,222,   150,   135,   122,   111,   102,   93,   80,   61,   41,   29,   24,   21,   17
202,Estimates,Guatemala,,320,   169,   155,   141,   127,   112,   97,   82,   68,   55,   45,   37,   31,   27
203,Estimates,Honduras,,340,   169,   154,   135,   119,   104,   81,   65,   53,   43,   35,   31,   29,   28
204,Estimates,Mexico,,484,   121,   101,   88,   79,   69,   57,   47,   40,   33,   28,   21,   20,   19
205,Estimates,Nicaragua,,558,   172,   151,   131,   114,   98,   90,   80,   65,   48,   34,   26,   24,   20
206,Estimates,Panama,,591,   86,   74,   62,   52,   43,   36,   34,   30,   26,   23,   20,   17,   15
207,Estimates,South America,26,931,   127,   115,   104,   94,   84,   73,   62,   49,   39,   32,   26,   20,   17
208,Estimates,Argentina,,32,   66,   60,   60,   57,   48,   39,   32,   27,   24,   22,   15,   15,   14
209,Estimates,Bolivia (Plurinational State of),,68,   173,   165,   156,   146,   135,   123,   111,   98,   85,   73,   61,   51,   43
210,Estimates,Brazil,,76,   136,   124,   112,   101,   92,   84,   72,   56,   43,   34,   28,   20,   16
211,Estimates,Chile,,152,   123,   118,   107,   88,   67,   44,   25,   18,   13,   11,   8,   8,   7
212,Estimates,Colombia,,170,   123,   105,   92,   82,   73,   57,   43,   35,   28,   24,   20,   19,   18
213,Estimates,Ecuador,,218,   138,   128,   119,   107,   95,   81,   68,   55,   43,   34,   27,   23,   21
214,Estimates,French Guiana,,254,   103,   89,   73,   51,   46,   43,   32,   26,   21,   17,   14,   11,   9
215,Estimates,Guyana,,328,   72,   67,   62,   57,   56,   54,   53,   50,   45,   40,   37,   34,   33
216,Estimates,Paraguay,,600,   73,   70,   62,   59,   53,   51,   49,   47,   43,   39,   36,   32,   29
217,Estimates,Peru,,604,   159,   148,   136,   126,   110,   99,   82,   68,   55,   41,   27,   21,   19
218,Estimates,Suriname,,740,   78,   68,   56,   49,   44,   40,   41,   40,   35,   29,   24,   22,   17
219,Estimates,Uruguay,,858,   57,   53,   48,   47,   46,   42,   33,   23,   20,   16,   14,   13,   13
220,Estimates,Venezuela (Bolivarian Republic of),,862,   108,   91,   74,   61,   49,   41,   33,   28,   23,   21,   18,   16,   14
221,Estimates,NORTHERN AMERICA,27,905,   31,   28,   25,   22,   18,   14,   11,   10,   8,   7,   7,   7,   6
222,Estimates,Canada,,124,   38,   32,   26,   21,   16,   12,   9,   7,   6,   5,   5,   5,   5
223,Estimates,United States of America,,840,   30,   27,   25,   22,   18,   14,   11,   10,   9,   7,   7,   7,   6
224,Estimates,OCEANIA,,909,   58,   52,   48,   44,   40,   37,   32,   30,   27,   26,   25,   22,   21
225,Estimates,Australia/New Zealand,,927,   24,   22,   20,   18,   16,   13,   10,   9,   7,   6,   5,   5,   4
226,Estimates,Australia,28,36,   24,   21,   20,   18,   16,   12,   10,   9,   7,   5,   5,   4,   4
227,Estimates,New Zealand,,554,   27,   24,   21,   18,   16,   14,   12,   10,   7,   6,   5,   5,   4
228,Estimates,Melanesia,,928,   137,   124,   113,   100,   88,   77,   64,   62,   57,   54,   51,   47,   44
229,Estimates,Fiji,,242,   64,   58,   52,   47,   42,   38,   33,   29,   25,   22,   19,   18,   16
230,Estimates,New Caledonia,,540,   117,   96,   79,   66,   54,   44,   36,   29,   24,   20,   17,   15,   13
231,Estimates,Papua New Guinea,,598,   150,   138,   126,   110,   96,   84,   69,   66,   61,   58,   56,   52,   49
232,Estimates,Solomon Islands,,90,   146,   132,   117,   104,   91,   79,   76,   90,   78,   64,   50,   39,   30
233,Estimates,Vanuatu,,548,   170,   150,   133,   116,   100,   85,   71,   61,   52,   42,   35,   29,   24
234,Estimates,Micronesia,29,954,   103,   93,   82,   72,   62,   56,   52,   47,   41,   35,   31,   29,   28
235,Estimates,Guam,,316,   83,   71,   60,   50,   41,   34,   29,   24,   21,   17,   14,   11,   10
236,Estimates,Kiribati,,296,   142,   133,   118,   105,   93,   87,   84,   75,   64,   57,   52,   49,   47
237,Estimates,Micronesia (Fed. States of),,583,   97,   87,   77,   68,   58,   49,   47,   45,   42,   40,   38,   35,   33
238,Estimates,Polynesia,30,957,   98,   84,   75,   67,   60,   52,   40,   31,   27,   22,   20,   18,   15
239,Estimates,French Polynesia,,258,   130,   100,   89,   79,   71,   59,   35,   20,   18,   10,   9,   9,   7
240,Estimates,Samoa,,882,   107,   97,   87,   78,   69,   60,   52,   44,   36,   30,   26,   21,   18
241,Estimates,Tonga,,776,   59,   53,   47,   42,   37,   34,   31,   28,   26,   25,   23,   22,   21
