,,,,,,,,,,
Beach Monitoring and Public Notification Program,,,,,,,,,,
,,,,,,,,,,
,,,,,,,,,,
,,,,,,,,,,
Date,Beach ID,Beach Name,Latitude,Longitude,Sampling Route,Sampling Type,"Enterococcus
 (colonies/100 mL)","Temperature
(°C)",pH ,Observations
27-Nov-2017,RW-18,Balneario Manuel “Nolo” Morales or Sardinera,18.4746944,-66.2808917,Route 1: Dorado - Loíza,Routine,10,26.8,8.02,
27-Nov-2017,RW-19,Balneario Punta Salinas,18.4716583,-66.1859944,Route 1: Dorado - Loíza,Routine,41,27.5,7.95,
27-Nov-2017,RW-20A,Balneario El Escambrón,18.4672361,-66.0899583,Route 1: Dorado - Loíza,Routine,10,28.5,7.99,
27-Nov-2017,RW-25A,Playa Sixto Escobar,18.4667306,-66.0866667,Route 1: Dorado - Loíza,Routine,10,28.2,8.02,
27-Nov-2017,RW-26,Playita del Condado,18.4611306,-66.0824083,Route 1: Dorado - Loíza,Routine,10,28.5,8.11/8.12,
27-Nov-2017,RW-27,Ocean Park,18.4530111,-66.0488806,Route 1: Dorado - Loíza,Routine,41,27.8,8.09,
27-Nov-2017,RW-28,Playa El Alambique,18.4440917,-66.0221500,Route 1: Dorado - Loíza,Routine,<10,28.1,8.09,
27-Nov-2017,RW-21C,Balneario de Carolina,18.4459889,-66.0035722,Route 1: Dorado - Loíza,Routine,31,28.6,8.09,
27-Nov-2017,RW-29,Vacía Talega,18.4478583,-65.9062306,Route 1: Dorado - Loíza,Routine,52,28.7,8.07,
27-Nov-2017,RW-7,Balneario Punta Guilarte,17.9620417,-66.0400000,Route 2: Arroyo - Luquillo,Routine,121,28.1,8.05,
27-Nov-2017,RW-6,Balneario de Patillas,17.9739750,-65.9889806,Route 2: Arroyo - Luquillo,Routine,31,28.8,8.06,
27-Nov-2017,RW-30,Playa Guayanés,18.0626944,-65.8191944,Route 2: Arroyo - Luquillo,Routine,408,28.7,8.04,
27-Nov-2017,RW-4,Balneario Punta Santiago,18.1584139,-65.7551861,Route 2: Arroyo - Luquillo,Routine,74,28.4,8.02,
27-Nov-2017,RW-31,Tropical Beach,18.1869278,-65.7259667,Route 2: Arroyo - Luquillo,Routine,368,29.3,8.04,
27-Nov-2017,RW-2,Balneario Seven Seas,18.3692667,-65.6360722,Route 2: Arroyo - Luquillo,Routine,98,28.5,8.11,
27-Nov-2017,RW-32,Playa Azul,18.3818667,-65.7184583,Route 2: Arroyo - Luquillo,Routine,<10,28.4,8.07,
27-Nov-2017,RW-1A,Balneario La Monserrate,18.3855917,-65.7294722,Route 2: Arroyo - Luquillo,Routine,20,28.5,8.05,
28-Nov-2017,RW-33,Playita Rosada,17.9717167,-66.0315000,Route 3: Lajas - Salinas,Routine,<10,27.6,8.16,
28-Nov-2017,RW-10,Playa Santa,17.9377111,-66.9551972,Route 3: Lajas - Salinas,Routine,<10,27.5,8.12,
28-Nov-2017,RW-9,Caña Gorda,17.9525306,-66.8845611,Route 3: Lajas - Salinas,Routine,<10,28.0,8.01,
28-Nov-2017,RW-34,Playa Cabullón,17.9692833,-66.6027278,Route 3: Lajas - Salinas,Routine,<10,28.4,8.13,
28-Nov-2017,RW-36,Balneario de Salinas,17.9775889,-66.3324972,Route 3: Lajas - Salinas,Routine,10,29.3,8.11/8.11,
28-Nov-2017,RW-37,Villa Lamela,18.0645333,-67.1975278,Route 4: Cabo Rojo,Routine,10,27.6,8.16,
28-Nov-2017,RW-8,Playa Buyé ,18.0488722,-67.1986250,Route 4: Cabo Rojo,Routine,<10,28.0,8.00,
28-Nov-2017,RW-13,Balneario de Boquerón,18.0194417,-67.1722444,Route 4: Cabo Rojo,Routine,<10,28.4,7.90,
28-Nov-2017,RW-14A,Playa Moja Casabe,17.9858100,-67.2145900,Route 4: Cabo Rojo,Routine,10,28.1,7.98,
28-Nov-2017,RW-12B,Playa el Combate,17.9747944,-67.2129056,Route 4: Cabo Rojo,Routine,<10,28.6,7.96/7.98,
29-Nov-2017,RW-15,Balneario de Añasco or Balneario Tres Hermanos,18.2879972,-67.1939222,Route 5: Añasco - Aguadilla,Routine,41,29.00,8.11,
29-Nov-2017,RW-5,Balneario de Rincón,18.3409250,-67.2560056,Route 5: Añasco - Aguadilla,Routine,<10,29.00,8.05,
29-Nov-2017,RW-22,Pico de Piedra,18.3843639,-67.2129889,Route 5: Añasco - Aguadilla,Routine,20,28.50,8.10,
29-Nov-2017,RW-16,Balneario Crash Boat,18.4576667,-67.1637778,Route 5: Añasco - Aguadilla,Routine,10,28.50,8.03,
29-Nov-2017,RW-38,Muelle de Arecibo,18.4792583,-66.7004667,Route: 6: Arecibo – Vega Alta ,Routine,97,26.70,8.29,
29-Nov-2017,RW-39,Mar Chiquita,18.4729167,-66.4856556,Route: 6: Arecibo – Vega Alta ,Routine,<10,27.90,8.1,
29-Nov-2017,RW-23,Balneario de Puerto Nuevo,18.4913667,-66.3990444,Route: 6: Arecibo – Vega Alta ,Routine,<10,27.30,8.1,
29-Nov-2017,RW-17,Balneario Cerro Gordo or Javier Calderón Nieves,18.4812500,-66.3406556,Route: 6: Arecibo – Vega Alta ,Routine,<10,28.00,8.09,
4-Dec-2017,RW-7,Balneario Punta Guilare,17.9620417,-66.0400000,Route 2: Arroyo - Luquillo,RE-sampling,63,26.00,RE-sampling,
4-Dec-2017,RW-30,Playa Guayanés ,18.0626944,-65.8191944,Route 2: Arroyo - Luquillo,RE-sampling,109,26.50,RE-sampling,
4-Dec-2017,RW-4,Balneario Punta Santiago,18.1584139,-65.7551861,Route 2: Arroyo - Luquillo,RE-sampling,10,27.00,RE-sampling,
4-Dec-2017,RW-31,Tropical Beach,18.1869278,-65.7259667,Route 2: Arroyo - Luquillo,RE-sampling,546,27.50,RE-sampling,
4-Dec-2017,RW-2,Balneario Seven Seas,18.3692667,-65.6360722,Route 2: Arroyo - Luquillo,RE-sampling,10,27.00,RE-sampling,
4-Dec-2017,RW-38,Muelle de Arecibo,18.4792583,-66.7004667,Route: 6: Arecibo – Vega Alta ,RE-sampling,"3,448",27.00,RE-sampling,
12-Dec-2017,RW-7,Balneario Punta Guilarte,17.9620417,-66.0400000,Route 2: Arroyo - Luquillo,Routine,20,27.5,8.11,
12-Dec-2017,RW-6,Balneario de Patillas,17.9739750,-65.9889806,Route 2: Arroyo - Luquillo,Routine,10,27.5,8.17,
12-Dec-2017,RW-30,Playa Guayanés,18.0626944,-65.8191944,Route 2: Arroyo - Luquillo,Routine,52,28.3,8.12,
12-Dec-2017,RW-4,Balneario Punta Santiago,18.1584139,-65.7551861,Route 2: Arroyo - Luquillo,Routine,63,28.3,8.15,
12-Dec-2017,RW-31,Tropical Beach,18.1869278,-65.7259667,Route 2: Arroyo - Luquillo,Routine,109,28.3,8.15,
12-Dec-2017,RW-2,Balneario Seven Seas,18.3692667,-65.6360722,Route 2: Arroyo - Luquillo,Routine,<10,29.1,8.22,
12-Dec-2017,RW-32,Playa Azul,18.3818667,-65.7184583,Route 2: Arroyo - Luquillo,Routine,<10,29.2,8.17,
12-Dec-2017,RW-1A,Balneario La Monserrate,18.3855917,-65.7294722,Route 2: Arroyo - Luquillo,Routine,10,28.9,8.12,
12-Dec-2017,RW-15,Balneario de Añasco or Balneario Tres Hermanos,18.2879972,-67.1939222,Route 5: Añasco - Aguadilla,Routine,41,28.10,8.04,
12-Dec-2017,RW-5,Balneario de Rincón,18.3409250,-67.2560056,Route 5: Añasco - Aguadilla,Routine,<10,27.90,8.08,
12-Dec-2017,RW-22,Pico de Piedra,18.3843639,-67.2129889,Route 5: Añasco - Aguadilla,Routine,20,27.60,8.12,
12-Dec-2017,RW-16,Balneario Crash Boat,18.4576667,-67.1637778,Route 5: Añasco - Aguadilla,Routine,<10,28.80,8.10,
11-Dec-2017,RW-37,Villa Lamela,18.0645333,-67.1975278,Route 4: Cabo Rojo,Routine,10,26.6,8.10,
11-Dec-2017,RW-8,Playa Buyé ,18.0488722,-67.1986250,Route 4: Cabo Rojo,Routine,<10,27.0,8.00,
11-Dec-2017,RW-13,Balneario de Boquerón,18.0194417,-67.1722444,Route 4: Cabo Rojo,Routine,<10,27.4,8.05,
11-Dec-2017,RW-14A,Playa Moja Casabe,17.9858100,-67.2145900,Route 4: Cabo Rojo,Routine,<10,26.7,8.04,
11-Dec-2017,RW-12B,Playa el Combate,17.9747944,-67.2129056,Route 4: Cabo Rojo,Routine,10,27.1,8.06,
11-Dec-2017,RW-18,Balneario Manuel “Nolo” Morales or Sardinera,18.4746944,-66.2808917,Route 1: Dorado - Loíza,Routine,52,26.2,7.99,
11-Dec-2017,RW-19,Balneario Punta Salinas,18.4716583,-66.1859944,Route 1: Dorado - Loíza,Routine,20,29.6,8.11,
11-Dec-2017,RW-20A,Balneario El Escambrón,18.4672361,-66.0899583,Route 1: Dorado - Loíza,Routine,<10,27.6,8.21,
11-Dec-2017,RW-25A,Playa Sixto Escobar,18.4667306,-66.0866667,Route 1: Dorado - Loíza,Routine,<10,28.0,8.17,
11-Dec-2017,RW-26,Playita del Condado,18.4611306,-66.0824083,Route 1: Dorado - Loíza,Routine,<10,27.7,8.22,
11-Dec-2017,RW-27,Ocean Park,18.4530111,-66.0488806,Route 1: Dorado - Loíza,Routine,20,27.4,8.18,
11-Dec-2017,RW-28,Playa El Alambique,18.4440917,-66.0221500,Route 1: Dorado - Loíza,Routine,82,28.0,8.17,
11-Dec-2017,RW-21C,Balneario de Carolina,18.4459889,-66.0035722,Route 1: Dorado - Loíza,Routine,63,28.0,8.17,
11-Dec-2017,RW-29,Vacía Talega,18.4478583,-65.9062306,Route 1: Dorado - Loíza,Routine,20,28.6,NO DATO ,
11-Dec-2017,RW-33,Playita Rosada,17.9717167,-66.0315000,Route 3: Lajas - Salinas,Routine,<10,26.5,7.36,
11-Dec-2017,RW-10,Playa Santa,17.9377111,-66.9551972,Route 3: Lajas - Salinas,Routine,<10,26.8,7.74,
11-Dec-2017,RW-9,Caña Gorda,17.9525306,-66.8845611,Route 3: Lajas - Salinas,Routine,<10,27.8,8.01,
11-Dec-2017,RW-34,Playa Cabullón,17.9692833,-66.6027278,Route 3: Lajas - Salinas,Routine,NO DATO ,NO DATO ,NO DATO ,NO SE PUDO TOMAR LA MUESTRA POR FALTA DE ACCESO 
11-Dec-2017,RW-36,Balneario de Salinas,17.9775889,-66.3324972,Route 3: Lajas - Salinas,Routine,NO DATO ,NO DATO ,NO DATO ,NO SE PUDO TOMAR LA MUESTRA POR FALTA DE ACCESO 
12-Dec-2017,RW-38,Muelle de Arecibo,18.4792583,-66.7004667,Route: 6: Arecibo – Vega Alta ,Routine,173,26.30,8.22,
12-Dec-2017,RW-39,Mar Chiquita,18.4729167,-66.4856556,Route: 6: Arecibo – Vega Alta ,Routine,<10,26.90,8.03,
12-Dec-2017,RW-23,Balneario de Puerto Nuevo,18.4913667,-66.3990444,Route: 6: Arecibo – Vega Alta ,Routine,30,27.00,8.13,
12-Dec-2017,RW-17,Balneario Cerro Gordo or Javier Calderón Nieves,18.4812500,-66.3406556,Route: 6: Arecibo – Vega Alta ,Routine,20,27.50,8.03,
18-Dec-2017,RW-31,Tropical Beach,18.1869278,-65.7259667,Route 2: Arroyo - Luquillo,RE-sampling,52,27.0,RE-sampling,
18-Dec-2017,RW-38,Muelle de Arecibo,18.4792583,-66.7004667,Route: 6: Arecibo – Vega Alta ,RE-sampling,10,28.30,RE-sampling,
18-Dec-2017,RW-28,Playa El Alambique,18.4440917,-66.0221500,Route 1: Dorado - Loíza,RE-sampling,10,28.9,RE-sampling,
26-Dec-2017,RW-18,Balneario Manuel “Nolo” Morales or Sardinera,18.4746944,-66.2808917,Route 1: Dorado - Loíza,Routine,72,25.10,8.4,
26-Dec-2017,RW-19,Balneario Punta Salinas,18.4716583,-66.1859944,Route 1: Dorado - Loíza,Routine,10,26.30,8.16,
26-Dec-2017,RW-20A,Balneario El Escambrón,18.4672361,-66.0899583,Route 1: Dorado - Loíza,Routine,<10,27.30,8.2,
26-Dec-2017,RW-25A,Playa Sixto Escobar,18.4667306,-66.0866667,Route 1: Dorado - Loíza,Routine,10,27.20,8.2,
26-Dec-2017,RW-26,Playita del Condado,18.4611306,-66.0824083,Route 1: Dorado - Loíza,Routine,<10,26.80,8.16/8.22,
26-Dec-2017,RW-27,Ocean Park,18.4530111,-66.0488806,Route 1: Dorado - Loíza,Routine,20,27.20,8.16,
26-Dec-2017,RW-28,Playa El Alambique,18.4440917,-66.0221500,Route 1: Dorado - Loíza,Routine,<10,26.90,8.21,
26-Dec-2017,RW-21C,Balneario de Carolina,18.4459889,-66.0035722,Route 1: Dorado - Loíza,Routine,<10,26.40,8.19,
26-Dec-2017,RW-29,Vacía Talega,18.4478583,-65.9062306,Route 1: Dorado - Loíza,Routine,<10,27.10,8.22,
27-Dec-2017,RW-7,Balneario Punta Guilarte,17.9620417,-66.0400000,Route 2: Arroyo - Luquillo,Routine,30,26.10,8.06,
27-Dec-2017,RW-6,Balneario de Patillas,17.9739750,-65.9889806,Route 2: Arroyo - Luquillo,Routine,288,25.00,7.97,
27-Dec-2017,RW-30,Playa Guayanés,18.0626944,-65.8191944,Route 2: Arroyo - Luquillo,Routine,218,26.20,8.03,
27-Dec-2017,RW-4,Balneario Punta Santiago,18.1584139,-65.7551861,Route 2: Arroyo - Luquillo,Routine,160,26.70,8.08,
27-Dec-2017,RW-31,Tropical Beach,18.1869278,-65.7259667,Route 2: Arroyo - Luquillo,Routine,256,26.50,8.09/8.09,
27-Dec-2017,RW-2,Balneario Seven Seas,18.3692667,-65.6360722,Route 2: Arroyo - Luquillo,Routine,<10,26.50,8.17,
27-Dec-2017,RW-32,Playa Azul,18.3818667,-65.7184583,Route 2: Arroyo - Luquillo,Routine,<10,26.20,8.12,
27-Dec-2017,RW-1A,Balneario La Monserrate,18.3855917,-65.7294722,Route 2: Arroyo - Luquillo,Routine,<10,26.70,8.14,
27-Dec-2017,RW-33,Playita Rosada,17.9717167,-66.0315000,Route 3: Lajas - Salinas,Routine,41,27.10,8.24,
27-Dec-2017,RW-10,Playa Santa,17.9377111,-66.9551972,Route 3: Lajas - Salinas,Routine,<10,27.10,8.33,
27-Dec-2017,RW-9,Caña Gorda,17.9525306,-66.8845611,Route 3: Lajas - Salinas,Routine,<10,28.10,8.24,
27-Dec-2017,RW-36,Balneario de Salinas,17.9775889,-66.3324972,Route 3: Lajas - Salinas,Routine,<10,27.90,8.35/8.36,
26-Dec-2017,RW-37,Villa Lamela,18.0645333,-67.1975278,Route 4: Cabo Rojo,Routine,30,27.00,8.14,
26-Dec-2017,RW-8,Playa Buyé ,18.0488722,-67.1986250,Route 4: Cabo Rojo,Routine,10,28.50,8.1,
26-Dec-2017,RW-13,Balneario de Boquerón,18.0194417,-67.1722444,Route 4: Cabo Rojo,Routine,<10,29.50,8.13,
26-Dec-2017,RW-14A,Playa Moja Casabe,17.9858100,-67.2145900,Route 4: Cabo Rojo,Routine,63,29.00,8.1,
26-Dec-2017,RW-12B,Playa el Combate,17.9747944,-67.2129056,Route 4: Cabo Rojo,Routine,20,28.90,8.17/8.18,
26-Dec-2017,RW-15,Balneario de Añasco or Balneario Tres Hermanos,18.2879972,-67.1939222,Route 5: Añasco - Aguadilla,Routine,20,26.80,7.92,
26-Dec-2017,RW-5,Balneario de Rincón,18.3409250,-67.2560056,Route 5: Añasco - Aguadilla,Routine,<10,27.00,8.04,
26-Dec-2017,RW-22,Pico de Piedra,18.3843639,-67.2129889,Route 5: Añasco - Aguadilla,Routine,10,26.90,8.06,
26-Dec-2017,RW-16,Balneario Crash Boat,18.4576667,-67.1637778,Route 5: Añasco - Aguadilla,Routine,<10,27.30,8.09/8.09,
27-Dec-2017,RW-38,Muelle de Arecibo,18.4792583,-66.7004667,Route: 6: Arecibo – Vega Alta ,Routine,63,26.90,8.29,
27-Dec-2017,RW-39,Mar Chiquita,18.4729167,-66.4856556,Route: 6: Arecibo – Vega Alta ,Routine,<10,27.50,8.1,
27-Dec-2017,RW-23,Balneario de Puerto Nuevo,18.4913667,-66.3990444,Route: 6: Arecibo – Vega Alta ,Routine,10,27.70,8.15,
27-Dec-2017,RW-17,Balneario Cerro Gordo or Javier Calderón Nieves,18.4812500,-66.3406556,Route: 6: Arecibo – Vega Alta ,Routine,30,28.00,8.12/8.12,
8-Jan-2018,RW-18,Balneario Manuel “Nolo” Morales or Sardinera,18.4746944,-66.2808917,Route 1: Dorado - Loíza,Routine,20,26.0,7.96,
8-Jan-2018,RW-19,Balneario Punta Salinas,18.4716583,-66.1859944,Route 1: Dorado - Loíza,Routine,10,26.4,8.11,
8-Jan-2018,RW-20A,Balneario El Escambrón,18.4672361,-66.0899583,Route 1: Dorado - Loíza,Routine,<10,27.1,8.14,
8-Jan-2018,RW-25A,Playa Sixto Escobar,18.4667306,-66.0866667,Route 1: Dorado - Loíza,Routine,10,26.6,8.12,
8-Jan-2018,RW-26,Playita del Condado,18.4611306,-66.0824083,Route 1: Dorado - Loíza,Routine,<10,27.1,8.18/8.19,
8-Jan-2018,RW-27,Ocean Park,18.4530111,-66.0488806,Route 1: Dorado - Loíza,Routine,20,26.8,8.17,
8-Jan-2018,RW-28,Playa El Alambique,18.4440917,-66.0221500,Route 1: Dorado - Loíza,Routine,10,26.7,8.17,
8-Jan-2018,RW-21C,Balneario de Carolina,18.4459889,-66.0035722,Route 1: Dorado - Loíza,Routine,10,26.7,8.14,
8-Jan-2018,RW-29,Vacía Talega,18.4478583,-65.9062306,Route 1: Dorado - Loíza,Routine,213,26.9,8.16,
9-Jan-2018,RW-7,Balneario Punta Guilarte,17.9620417,-66.0400000,Route 2: Arroyo - Luquillo,Routine,52,26.1,7.86,
9-Jan-2018,RW-6,Balneario de Patillas,17.9739750,-65.9889806,Route 2: Arroyo - Luquillo,Routine,74,25.3,7.94,
9-Jan-2018,RW-30,Playa Guayanés,18.0626944,-65.8191944,Route 2: Arroyo - Luquillo,Routine,31,26.0,8.02,
9-Jan-2018,RW-4,Balneario Punta Santiago,18.1584139,-65.7551861,Route 2: Arroyo - Luquillo,Routine,10,25.4,8.05,
9-Jan-2018,RW-31,Tropical Beach,18.1869278,-65.7259667,Route 2: Arroyo - Luquillo,Routine,41,26.4,8.08/8.07,
9-Jan-2018,RW-2,Balneario Seven Seas,18.3692667,-65.6360722,Route 2: Arroyo - Luquillo,Routine,<10,26.3,8.03,
9-Jan-2018,RW-32,Playa Azul,18.3818667,-65.7184583,Route 2: Arroyo - Luquillo,Routine,<10,26.7,8.11,
9-Jan-2018,RW-1A,Balneario La Monserrate,18.3855917,-65.7294722,Route 2: Arroyo - Luquillo,Routine,<10,26.7,8.13,
8-Jan-2018,RW-33,Playita Rosada,17.9717167,-66.0315000,Route 3: Lajas - Salinas,Routine,<10,26.2,7.94,
8-Jan-2018,RW-10,Playa Santa,17.9377111,-66.9551972,Route 3: Lajas - Salinas,Routine,<10,26.1,8.06,
8-Jan-2018,RW-9,Caña Gorda,17.9525306,-66.8845611,Route 3: Lajas - Salinas,Routine,10,26.8,8.06,
8-Jan-2018,RW-34,Playa Cabullón,17.9692833,-66.6027278,Route 3: Lajas - Salinas,Routine,<10,27.6,8.06,
8-Jan-2018,RW-36,Balneario de Salinas,17.9775889,-66.3324972,Route 3: Lajas - Salinas,Routine,31,27.7,8.07/8.07,
9-Jan-2018,RW-37,Villa Lamela,18.0645333,-67.1975278,Route 4: Cabo Rojo,Routine,<10,26.8,8.13,
9-Jan-2018,RW-8,Playa Buyé ,18.0488722,-67.1986250,Route 4: Cabo Rojo,Routine,10,27.2,8.05,
9-Jan-2018,RW-13,Balneario de Boquerón,18.0194417,-67.1722444,Route 4: Cabo Rojo,Routine,10,27.3,8.04,
9-Jan-2018,RW-14A,Playa Moja Casabe,17.9858100,-67.2145900,Route 4: Cabo Rojo,Routine,52,26.7,7.94,
9-Jan-2018,RW-12B,Playa el Combate,17.9747944,-67.2129056,Route 4: Cabo Rojo,Routine,31,27.0,7.94/7.93,
8-Jan-2018,RW-15,Balneario de Añasco or Balneario Tres Hermanos,18.2879972,-67.1939222,Route 5: Añasco - Aguadilla,Routine,85,27.2,8.12,
8-Jan-2018,RW-5,Balneario de Rincón,18.3409250,-67.2560056,Route 5: Añasco - Aguadilla,Routine,20,27.8,8.25,
8-Jan-2018,RW-22,Pico de Piedra,18.3843639,-67.2129889,Route 5: Añasco - Aguadilla,Routine,31,27.5,8.15,
8-Jan-2018,RW-16,Balneario Crash Boat,18.4576667,-67.1637778,Route 5: Añasco - Aguadilla,Routine,250,27.5,8.20/8.20,
9-Jan-2018,RW-38,Muelle de Arecibo,18.4792583,-66.7004667,Route: 6: Arecibo – Vega Alta ,Routine,156,27.2,8.27,
9-Jan-2018,RW-39,Mar Chiquita,18.4729167,-66.4856556,Route: 6: Arecibo – Vega Alta ,Routine,<10,29.0,8.19,
9-Jan-2018,RW-23,Balneario de Puerto Nuevo,18.4913667,-66.3990444,Route: 6: Arecibo – Vega Alta ,Routine,10,27.9,8.16,
9-Jan-2018,RW-17,Balneario Cerro Gordo or Javier Calderón Nieves,18.4812500,-66.3406556,Route: 6: Arecibo – Vega Alta ,Routine,<10,28.1,8.12/8.12,
16-Jan-2018,RW-6,Balneario de Patillas,17.9739750,-65.9889806,Route 2: Arroyo - Luquillo,RE-sampling,52,25.00,RE-sampling,
16-Jan-2018,RW-29,Vacía Talega,18.4478583,-65.9062306,Route 1: Dorado - Loíza,RE-sampling,109,26.50,RE-sampling,
17-Jan-2018,RW-15,Balneario de Añasco or Balneario Tres Hermanos,18.2879972,-67.1939222,Route 5: Añasco - Aguadilla,RE-sampling,"2,613",25.00,RE-sampling,
17-Jan-2018,RW-16,Balneario Crash Boat,18.4576667,-67.1637778,Route 5: Añasco - Aguadilla,RE-sampling,20,25.00,RE-sampling,
17-Jan-2018,RW-38,Muelle de Arecibo,18.4792583,-66.7004667,Route: 6: Arecibo – Vega Alta ,RE-sampling,30,26.00,RE-sampling,
23-Jan-2018,RW-18,Balneario Manuel “Nolo” Morales or Sardinera,18.4746944,-66.2808917,Route 1: Dorado - Loíza,Routine,10,25.1,7.99,
23-Jan-2018,RW-19,Balneario Punta Salinas,18.4716583,-66.1859944,Route 1: Dorado - Loíza,Routine,10,25.4,8.15,
23-Jan-2018,RW-20A,Balneario El Escambrón,18.4672361,-66.0899583,Route 1: Dorado - Loíza,Routine,<10,26.6,8.11,
23-Jan-2018,RW-25A,Playa Sixto Escobar,18.4667306,-66.0866667,Route 1: Dorado - Loíza,Routine,10,26.4,8.13,
23-Jan-2018,RW-26,Playita del Condado,18.4611306,-66.0824083,Route 1: Dorado - Loíza,Routine,<10,26.6,8.18/8.18,
23-Jan-2018,RW-27,Ocean Park,18.4530111,-66.0488806,Route 1: Dorado - Loíza,Routine,<10,26.6,8.17,
23-Jan-2018,RW-28,Playa El Alambique,18.4440917,-66.0221500,Route 1: Dorado - Loíza,Routine,10,26.8,8.21,
23-Jan-2018,RW-21C,Balneario de Carolina,18.4459889,-66.0035722,Route 1: Dorado - Loíza,Routine,<10,26.9,8.19,
23-Jan-2018,RW-29,Vacía Talega,18.4478583,-65.9062306,Route 1: Dorado - Loíza,Routine,10,27.0,8.20,
23-Jan-2018,RW-7,Balneario Punta Guilarte,17.9620417,-66.0400000,Route 2: Arroyo - Luquillo,Routine,10,27.5,8.07,
23-Jan-2018,RW-6,Balneario de Patillas,17.9739750,-65.9889806,Route 2: Arroyo - Luquillo,Routine,52,25.2,8.07,
23-Jan-2018,RW-30,Playa Guayanés,18.0626944,-65.8191944,Route 2: Arroyo - Luquillo,Routine,20,26.8,8.15,
23-Jan-2018,RW-4,Balneario Punta Santiago,18.1584139,-65.7551861,Route 2: Arroyo - Luquillo,Routine,30,26.5,8.15,
23-Jan-2018,RW-31,Tropical Beach,18.1869278,-65.7259667,Route 2: Arroyo - Luquillo,Routine,74,26.9,8.12/8.13,
23-Jan-2018,RW-2,Balneario Seven Seas,18.3692667,-65.6360722,Route 2: Arroyo - Luquillo,Routine,<10,27.1,8.16,
23-Jan-2018,RW-32,Playa Azul,18.3818667,-65.7184583,Route 2: Arroyo - Luquillo,Routine,<10,26.8,8.2,
23-Jan-2018,RW-1A,Balneario La Monserrate,18.3855917,-65.7294722,Route 2: Arroyo - Luquillo,Routine,<10,27.3,8.13,
22-Jan-2018,RW-33,Playita Rosada,17.9717167,-66.0315000,Route 3: Lajas - Salinas,Routine,<10,26.6,8.16,
22-Jan-2018,RW-10,Playa Santa,17.9377111,-66.9551972,Route 3: Lajas - Salinas,Routine,<10,26.8,8.15,
22-Jan-2018,RW-9,Caña Gorda,17.9525306,-66.8845611,Route 3: Lajas - Salinas,Routine,<10,26.7,8.07,
22-Jan-2018,RW-34,Playa Cabullón,17.9692833,-66.6027278,Route 3: Lajas - Salinas,Routine,10,27.0,7.16,
22-Jan-2018,RW-36,Balneario de Salinas,17.9775889,-66.3324972,Route 3: Lajas - Salinas,Routine,<10,27.0,8.10/8.10,
22-Jan-2018,RW-37,Villa Lamela,18.0645333,-67.1975278,Route 4: Cabo Rojo,Routine,<10,25.7,8.17,
22-Jan-2018,RW-8,Playa Buyé ,18.0488722,-67.1986250,Route 4: Cabo Rojo,Routine,20,26.6,8.11,
22-Jan-2018,RW-13,Balneario de Boquerón,18.0194417,-67.1722444,Route 4: Cabo Rojo,Routine,10,26.9,8.1,
22-Jan-2018,RW-14A,Playa Moja Casabe,17.9858100,-67.2145900,Route 4: Cabo Rojo,Routine,<10,26.4,8.04,
22-Jan-2018,RW-12B,Playa el Combate,17.9747944,-67.2129056,Route 4: Cabo Rojo,Routine,10,26.7,8.05/805,
22-Jan-2018,RW-15,Balneario de Añasco or Balneario Tres Hermanos,18.2879972,-67.1939222,Route 5: Añasco - Aguadilla,Routine,41,26.3,8.13,
22-Jan-2018,RW-5,Balneario de Rincón,18.3409250,-67.2560056,Route 5: Añasco - Aguadilla,Routine,30,26.4,8.14,
22-Jan-2018,RW-22,Pico de Piedra,18.3843639,-67.2129889,Route 5: Añasco - Aguadilla,Routine,20,26.8,8.15,
22-Jan-2018,RW-16,Balneario Crash Boat,18.4576667,-67.1637778,Route 5: Añasco - Aguadilla,Routine,20,27.6,8.16/8.16,
23-Jan-2018,RW-38,Muelle de Arecibo,18.4792583,-66.7004667,Route: 6: Arecibo – Vega Alta ,Routine,373,25.3,8.31,
23-Jan-2018,RW-39,Mar Chiquita,18.4729167,-66.4856556,Route: 6: Arecibo – Vega Alta ,Routine,246,26.8,8.19,
23-Jan-2018,RW-23,Balneario de Puerto Nuevo,18.4913667,-66.3990444,Route: 6: Arecibo – Vega Alta ,Routine,10,26.1,8.16,
23-Jan-2018,RW-17,Balneario Cerro Gordo or Javier Calderón Nieves,18.4812500,-66.3406556,Route: 6: Arecibo – Vega Alta ,Routine,<10,26.8,8.21/8.21,
29-Jan-2018,RW-38,Muelle de Arecibo,18.4792583,-66.7004667,Route: 6: Arecibo – Vega Alta ,RE-sampling,404,24.0,RE-sampling,
29-Jan-2018,RW-29,Vacía Talega,18.4478583,-65.9062306,Route 1: Dorado - Loíza,RE-sampling,20,27.0,RE-sampling,
29-Jan-2018,RW-31,Tropical Beach,18.1869278,-65.7259667,Route 2: Arroyo - Luquillo,RE-sampling,"2,098",25.0,RE-sampling,
6-Feb-2018,RW-18,Balneario Manuel “Nolo” Morales or Sardinera,18.4746944,-66.2808917,Route 1: Dorado - Loíza,Routine,30,26.00,7.8,
6-Feb-2018,RW-19,Balneario Punta Salinas,18.4716583,-66.1859944,Route 1: Dorado - Loíza,Routine,30,26.20,7.54,
6-Feb-2018,RW-20A,Balneario El Escambrón,18.4672361,-66.0899583,Route 1: Dorado - Loíza,Routine,<10,27.20,8.07,
6-Feb-2018,RW-25A,Playa Sixto Escobar,18.4667306,-66.0866667,Route 1: Dorado - Loíza,Routine,<10,26.90,8.17,
6-Feb-2018,RW-26,Playita del Condado,18.4611306,-66.0824083,Route 1: Dorado - Loíza,Routine,<10,27.30,8.17,
6-Feb-2018,RW-27,Ocean Park,18.4530111,-66.0488806,Route 1: Dorado - Loíza,Routine,<10,27.20,8.16,
6-Feb-2018,RW-28,Playa El Alambique,18.4440917,-66.0221500,Route 1: Dorado - Loíza,Routine,41,26.70,8.18,
6-Feb-2018,RW-21C,Balneario de Carolina,18.4459889,-66.0035722,Route 1: Dorado - Loíza,Routine,<10,26.50,8.16,
6-Feb-2018,RW-29,Vacía Talega,18.4478583,-65.9062306,Route 1: Dorado - Loíza,Routine,10,27.30,8.12,
6-Feb-2018,RW-7,Balneario Punta Guilarte,17.9620417,-66.0400000,Route 2: Arroyo - Luquillo,Routine,10,25.80,8.12,
6-Feb-2018,RW-6,Balneario de Patillas,17.9739750,-65.9889806,Route 2: Arroyo - Luquillo,Routine,<10,25.30,8.16,
6-Feb-2018,RW-30,Playa Guayanés,18.0626944,-65.8191944,Route 2: Arroyo - Luquillo,Routine,75,26.20,8.12,
6-Feb-2018,RW-4,Balneario Punta Santiago,18.1584139,-65.7551861,Route 2: Arroyo - Luquillo,Routine,122,25.60,8.13,
6-Feb-2018,RW-31,Tropical Beach,18.1869278,-65.7259667,Route 2: Arroyo - Luquillo,Routine,166,25.60,8.4,
6-Feb-2018,RW-2,Balneario Seven Seas,18.3692667,-65.6360722,Route 2: Arroyo - Luquillo,Routine,10,26.20,8.36,
6-Feb-2018,RW-32,Playa Azul,18.3818667,-65.7184583,Route 2: Arroyo - Luquillo,Routine,10,26.30,8.67,
6-Feb-2018,RW-1A,Balneario La Monserrate,18.3855917,-65.7294722,Route 2: Arroyo - Luquillo,Routine,<10,26.90,8.52,
6-Feb-2018,RW-33,Playita Rosada,17.9717167,-66.0315000,Route 3: Lajas - Salinas,Routine,<10,26.20,7.11,
6-Feb-2018,RW-10,Playa Santa,17.9377111,-66.9551972,Route 3: Lajas - Salinas,Routine,<10,26.60,7.95,
6-Feb-2018,RW-9,Caña Gorda,17.9525306,-66.8845611,Route 3: Lajas - Salinas,Routine,<10,27.20,8.03,
6-Feb-2018,RW-34,Playa Cabullón,17.9692833,-66.6027278,Route 3: Lajas - Salinas,Routine,<10,27.10,7.94,
6-Feb-2018,RW-36,Balneario de Salinas,17.9775889,-66.3324972,Route 3: Lajas - Salinas,Routine,<10,27.00,8.15,
5-Feb-2018,RW-37,Villa Lamela,18.0645333,-67.1975278,Route 4: Cabo Rojo,Routine,<10,25.00,8.03,
5-Feb-2018,RW-8,Playa Buyé ,18.0488722,-67.1986250,Route 4: Cabo Rojo,Routine,<10,26.30,8.12,
5-Feb-2018,RW-13,Balneario de Boquerón,18.0194417,-67.1722444,Route 4: Cabo Rojo,Routine,<10,25.90,8.18,
5-Feb-2018,RW-14A,Playa Moja Casabe,17.9858100,-67.2145900,Route 4: Cabo Rojo,Routine,41,26.50,8.13,
5-Feb-2018,RW-12B,Playa el Combate,17.9747944,-67.2129056,Route 4: Cabo Rojo,Routine,10,26.50,8.16,
5-Feb-2018,RW-15,Balneario de Añasco or Balneario Tres Hermanos,18.2879972,-67.1939222,Route 5: Añasco - Aguadilla,Routine,<10,26.10,8.09,
5-Feb-2018,RW-5,Balneario de Rincón,18.3409250,-67.2560056,Route 5: Añasco - Aguadilla,Routine,31,26.90,8.15,
5-Feb-2018,RW-22,Pico de Piedra,18.3843639,-67.2129889,Route 5: Añasco - Aguadilla,Routine,31,27.10,8.19,
5-Feb-2018,RW-16,Balneario Crash Boat,18.4576667,-67.1637778,Route 5: Añasco - Aguadilla,Routine,<10,28.20,8.18,
5-Feb-2018,RW-38,Muelle de Arecibo,18.4792583,-66.7004667,Route: 6: Arecibo – Vega Alta ,Routine,408,24.80,8.18,
5-Feb-2018,RW-39,Mar Chiquita,18.4729167,-66.4856556,Route: 6: Arecibo – Vega Alta ,Routine,<10,26.20,8.19,
5-Feb-2018,RW-23,Balneario de Puerto Nuevo,18.4913667,-66.3990444,Route: 6: Arecibo – Vega Alta ,Routine,<10,26.20,8.2,
5-Feb-2018,RW-17,Balneario Cerro Gordo or Javier Calderón Nieves,18.4812500,-66.3406556,Route: 6: Arecibo – Vega Alta ,Routine,20,26.40,8.26,
12-Feb-2018,RW-38,Muelle de Arecibo,18.4792583,-66.7004667,Route: 6: Arecibo – Vega Alta ,Re-sampling,20,26.30,RE-sampling,
12-Feb-2018,RW-30,Playa Guayanés,18.0626944,-65.8191944,Route 2: Arroyo - Luquillo,Re-sampling,131,24.20,RE-sampling,
12-Feb-2018,RW-4,Balneario Punta Santiago,18.1584139,-65.7551861,Route 2: Arroyo - Luquillo,Re-sampling,74,24.00,RE-sampling,
12-Feb-2018,RW-31,Tropical Beach,18.1869278,-65.7259667,Route 2: Arroyo - Luquillo,Re-sampling,41,24.80,RE-sampling,
20-Feb-2018,RW-18,Balneario Manuel “Nolo” Morales or Sardinera,18.4746944,-66.2808917,Route 1: Dorado - Loíza,Routine,20,24.69,8.1,
20-Feb-2018,RW-19,Balneario Punta Salinas,18.4716583,-66.1859944,Route 1: Dorado - Loíza,Routine,20,25.10,8.22,
20-Feb-2018,RW-20A,Balneario El Escambrón,18.4672361,-66.0899583,Route 1: Dorado - Loíza,Routine,31,25.30,8.24,
20-Feb-2018,RW-25A,Playa Sixto Escobar,18.4667306,-66.0866667,Route 1: Dorado - Loíza,Routine,<10,25.30,8.2,
20-Feb-2018,RW-26,Playita del Condado,18.4611306,-66.0824083,Route 1: Dorado - Loíza,Routine,86,25.30,8.22,
20-Feb-2018,RW-27,Ocean Park,18.4530111,-66.0488806,Route 1: Dorado - Loíza,Routine,20,25.10,8.24,
20-Feb-2018,RW-28,Playa El Alambique,18.4440917,-66.0221500,Route 1: Dorado - Loíza,Routine,10,25.10,8.23,
20-Feb-2018,RW-21C,Balneario de Carolina,18.4459889,-66.0035722,Route 1: Dorado - Loíza,Routine,10,25.00,8.24,
20-Feb-2018,RW-29,Vacía Talega,18.4478583,-65.9062306,Route 1: Dorado - Loíza,Routine,107,26.10,8.25,
21-Feb-2018,RW-7,Balneario Punta Guilarte,17.9620417,-66.0400000,Route 2: Arroyo - Luquillo,Routine,20,25.20,7.84,
21-Feb-2018,RW-6,Balneario de Patillas,17.9739750,-65.9889806,Route 2: Arroyo - Luquillo,Routine,52,24.10,8.05,
21-Feb-2018,RW-30,Playa Guayanés,18.0626944,-65.8191944,Route 2: Arroyo - Luquillo,Routine,74,24.90,8.04,
21-Feb-2018,RW-4,Balneario Punta Santiago,18.1584139,-65.7551861,Route 2: Arroyo - Luquillo,Routine,31,24.90,8.24,
21-Feb-2018,RW-31,Tropical Beach,18.1869278,-65.7259667,Route 2: Arroyo - Luquillo,Routine,20,25.00,8.24,
21-Feb-2018,RW-2,Balneario Seven Seas,18.3692667,-65.6360722,Route 2: Arroyo - Luquillo,Routine,<10,25.40,8.25,
21-Feb-2018,RW-32,Playa Azul,18.3818667,-65.7184583,Route 2: Arroyo - Luquillo,Routine,<10,25.50,8.28,
21-Feb-2018,RW-1A,Balneario La Monserrate,18.3855917,-65.7294722,Route 2: Arroyo - Luquillo,Routine,<10,26.00,8.27,
21-Feb-2018,RW-33,Playita Rosada,17.9717167,-66.0315000,Route 3: Lajas - Salinas,Routine,<10,25.80,8.16,
21-Feb-2018,RW-10,Playa Santa,17.9377111,-66.9551972,Route 3: Lajas - Salinas,Routine,<10,26.10,8.21,
21-Feb-2018,RW-9,Caña Gorda,17.9525306,-66.8845611,Route 3: Lajas - Salinas,Routine,<10,25.90,8.25,
21-Feb-2018,RW-34,Playa Cabullón,17.9692833,-66.6027278,Route 3: Lajas - Salinas,Routine,<10,26.10,8.24,
21-Feb-2018,RW-36,Balneario de Salinas,17.9775889,-66.3324972,Route 3: Lajas - Salinas,Routine,<10,26.30,8.22,
20-Feb-2018,RW-37,Villa Lamela,18.0645333,-67.1975278,Route 4: Cabo Rojo,Routine,<10,24.70,8.02,
20-Feb-2018,RW-8,Playa Buyé ,18.0488722,-67.1986250,Route 4: Cabo Rojo,Routine,<10,26.00,8.13,
20-Feb-2018,RW-13,Balneario de Boquerón,18.0194417,-67.1722444,Route 4: Cabo Rojo,Routine,<10,26.60,8.13,
20-Feb-2018,RW-14A,Playa Moja Casabe,17.9858100,-67.2145900,Route 4: Cabo Rojo,Routine,20,26.70,8.12,
20-Feb-2018,RW-12B,Playa el Combate,17.9747944,-67.2129056,Route 4: Cabo Rojo,Routine,<10,27.00,8.24,
20-Feb-2018,RW-15,Balneario de Añasco or Balneario Tres Hermanos,18.2879972,-67.1939222,Route 5: Añasco - Aguadilla,Routine,10,25.60,8.26,
20-Feb-2018,RW-5,Balneario de Rincón,18.3409250,-67.2560056,Route 5: Añasco - Aguadilla,Routine,<10,26.50,8.25,
20-Feb-2018,RW-22,Pico de Piedra,18.3843639,-67.2129889,Route 5: Añasco - Aguadilla,Routine,<10,25.90,8.31,
20-Feb-2018,RW-16,Balneario Crash Boat,18.4576667,-67.1637778,Route 5: Añasco - Aguadilla,Routine,<10,25.70,8.23,
21-Feb-2018,RW-38,Muelle de Arecibo,18.4792583,-66.7004667,Route: 6: Arecibo – Vega Alta ,Routine,"1,674",24.70,8.07,
21-Feb-2018,RW-39,Mar Chiquita,18.4729167,-66.4856556,Route: 6: Arecibo – Vega Alta ,Routine,<10,25.60,8.1,
21-Feb-2018,RW-23,Balneario de Puerto Nuevo,18.4913667,-66.3990444,Route: 6: Arecibo – Vega Alta ,Routine,41,25.10,8.08,
21-Feb-2018,RW-17,Balneario Cerro Gordo or Javier Calderón Nieves,18.4812500,-66.3406556,Route: 6: Arecibo – Vega Alta ,Routine,41,25.20,8.06,
26-Feb-2018,RW-30,Playa Guayanés,18.0626944,-65.8191944,Route 2: Arroyo - Luquillo,Re-sampling,31,24.80,RE-sampling,
26-Feb-2018,RW-29,Vacía Talega,18.4478583,-65.9062306,Route 1: Dorado - Loíza,Re-sampling,31,25.10,RE-sampling,
26-Feb-2018,RW-38,Muelle de Arecibo,18.4792583,-66.7004667,Route: 6: Arecibo – Vega Alta ,RE-sampling,"1,850",23.00,RE-sampling,
26-Feb-2018,RW-26,Playita del Condado,18.4611306,-66.0824083,Route 1: Dorado - Loíza,RE-sampling,52,24.00,RE-sampling,
19-Mar-2018,RW-18,Balneario Manuel “Nolo” Morales or Sardinera,18.4746944,-66.2808917,Route 1: Dorado - Loíza,Routine,1464,24.90,8.06,
19-Mar-2018,RW-19,Balneario Punta Salinas,18.4716583,-66.1859944,Route 1: Dorado - Loíza,Routine,63,25.70,8.02,
19-Mar-2018,RW-20A,Balneario El Escambrón,18.4672361,-66.0899583,Route 1: Dorado - Loíza,Routine,<10,27.10,7.65,
19-Mar-2018,RW-25A,Playa Sixto Escobar,18.4667306,-66.0866667,Route 1: Dorado - Loíza,Routine,20,26.70,8.15,
19-Mar-2018,RW-26,Playita del Condado,18.4611306,-66.0824083,Route 1: Dorado - Loíza,Routine,10,26.60,8.23/8.23,
19-Mar-2018,RW-27,Ocean Park,18.4530111,-66.0488806,Route 1: Dorado - Loíza,Routine,31,27.30,8.24,
19-Mar-2018,RW-28,Playa El Alambique,18.4440917,-66.0221500,Route 1: Dorado - Loíza,Routine,<10,27.70,8.22,
19-Mar-2018,RW-21C,Balneario de Carolina,18.4459889,-66.0035722,Route 1: Dorado - Loíza,Routine,10,27.20,8.24,
19-Mar-2018,RW-29,Vacía Talega,18.4478583,-65.9062306,Route 1: Dorado - Loíza,Routine,10,28.40,8.24,
19-Mar-2018,RW-7,Balneario Punta Guilarte,17.9620417,-66.0400000,Route 2: Arroyo - Luquillo,Routine,75,27.00,,
19-Mar-2018,RW-6,Balneario de Patillas,17.9739750,-65.9889806,Route 2: Arroyo - Luquillo,Routine,<10,27.00,,
19-Mar-2018,RW-30,Playa Guayanés,18.0626944,-65.8191944,Route 2: Arroyo - Luquillo,Routine,41,28.00,,
19-Mar-2018,RW-4,Balneario Punta Santiago,18.1584139,-65.7551861,Route 2: Arroyo - Luquillo,Routine,<10,28.50,,
19-Mar-2018,RW-31,Tropical Beach,18.1869278,-65.7259667,Route 2: Arroyo - Luquillo,Routine,20,29.00,,
19-Mar-2018,RW-2,Balneario Seven Seas,18.3692667,-65.6360722,Route 2: Arroyo - Luquillo,Routine,20,28.50,,
19-Mar-2018,RW-32,Playa Azul,18.3818667,-65.7184583,Route 2: Arroyo - Luquillo,Routine,<10,27.00,,
19-Mar-2018,RW-1A,Balneario La Monserrate,18.3855917,-65.7294722,Route 2: Arroyo - Luquillo,Routine,<10,28.50,,
19-Mar-2018,RW-33,Playita Rosada,17.9717167,-66.0315000,Route 3: Lajas - Salinas,Routine,<10,27.30,8.11,
19-Mar-2018,RW-10,Playa Santa,17.9377111,-66.9551972,Route 3: Lajas - Salinas,Routine,<10,28.00,8.07,
19-Mar-2018,RW-9,Caña Gorda,17.9525306,-66.8845611,Route 3: Lajas - Salinas,Routine,,,,NO ACCESS - NO WATER SAMPLE WAS COLLECTED
19-Mar-2018,RW-34,Playa Cabullón,17.9692833,-66.6027278,Route 3: Lajas - Salinas,Routine,<10,28.10,8.11,
19-Mar-2018,RW-36,Balneario de Salinas,17.9775889,-66.3324972,Route 3: Lajas - Salinas,Routine,<10,29.00,8.11/8.12,
19-Mar-2018,RW-37,Villa Lamela,18.0645333,-67.1975278,Route 4: Cabo Rojo,Routine,<10,26.7,8.04,
19-Mar-2018,RW-8,Playa Buyé ,18.0488722,-67.1986250,Route 4: Cabo Rojo,Routine,10,27.4,8.06,
19-Mar-2018,RW-13,Balneario de Boquerón,18.0194417,-67.1722444,Route 4: Cabo Rojo,Routine,<10,27.4,8.12,
19-Mar-2018,RW-14A,Playa Moja Casabe,17.9858100,-67.2145900,Route 4: Cabo Rojo,Routine,10,27.6,8.1,
19-Mar-2018,RW-12B,Playa el Combate,17.9747944,-67.2129056,Route 4: Cabo Rojo,Routine,10,27.5,8.06/8.06,
19-Mar-2018,RW-15,Balneario de Añasco or Balneario Tres Hermanos,18.2879972,-67.1939222,Route 5: Añasco - Aguadilla,Routine,41,26.60,7.99,
19-Mar-2018,RW-5,Balneario de Rincón,18.3409250,-67.2560056,Route 5: Añasco - Aguadilla,Routine,<10,26.10,8.14,
19-Mar-2018,RW-22,Pico de Piedra,18.3843639,-67.2129889,Route 5: Añasco - Aguadilla,Routine,<10,26.30,8.22,
19-Mar-2018,RW-16,Balneario Crash Boat,18.4576667,-67.1637778,Route 5: Añasco - Aguadilla,Routine,20,26.20,8.23/8.23,
19-Mar-2018,RW-38,Muelle de Arecibo,18.4792583,-66.7004667,Route: 6: Arecibo – Vega Alta ,Routine,<10,27.50,8.16,
19-Mar-2018,RW-39,Mar Chiquita,18.4729167,-66.4856556,Route: 6: Arecibo – Vega Alta ,Routine,<10,27.10,8.23,
19-Mar-2018,RW-23,Balneario de Puerto Nuevo,18.4913667,-66.3990444,Route: 6: Arecibo – Vega Alta ,Routine,10,27.40,8.25,
19-Mar-2018,RW-17,Balneario Cerro Gordo or Javier Calderón Nieves,18.4812500,-66.3406556,Route: 6: Arecibo – Vega Alta ,Routine,20,28.10,8.22/8.22,
26-Mar-2018,RW-7,Balneario Punta Guilarte,17.9620417,-66.0400000,Route 2: Arroyo - Luquillo,Re-sampling,<10,27.50,RE-sampling,
26-Mar-2018,RW-18,Balneario Manuel “Nolo” Morales or Sardinera,18.4746944,-66.2808917,Route 1: Dorado - Loíza,Re-sampling,41,28.40,RE-sampling,
3-Apr-2018,RW-15,Balneario de Añasco or Balneario Tres Hermanos,18.2879972,-67.1939222,Route 5: Añasco - Aguadilla,Routine,<10,26.30,7.79,
3-Apr-2018,RW-5,Balneario de Rincón,18.3409250,-67.2560056,Route 5: Añasco - Aguadilla,Routine,<10,26.30,8.06,
3-Apr-2018,RW-22,Pico de Piedra,18.3843639,-67.2129889,Route 5: Añasco - Aguadilla,Routine,<10,26.30,8.12,
3-Apr-2018,RW-16,Balneario Crash Boat,18.4576667,-67.1637778,Route 5: Añasco - Aguadilla,Routine,10,26.50,8.15,
3-Apr-2018,RW-18,Balneario Manuel “Nolo” Morales or Sardinera,18.4746944,-66.2808917,Route 1: Dorado - Loíza,Routine,<10,26.20,8.02,
3-Apr-2018,RW-19,Balneario Punta Salinas,18.4716583,-66.1859944,Route 1: Dorado - Loíza,Routine,<10,26.30,8.09,
3-Apr-2018,RW-20A,Balneario El Escambrón,18.4672361,-66.0899583,Route 1: Dorado - Loíza,Routine,<10,26.50,8.16,
3-Apr-2018,RW-25A,Playa Sixto Escobar,18.4667306,-66.0866667,Route 1: Dorado - Loíza,Routine,<10,26.50,8.17,
3-Apr-2018,RW-26,Playita del Condado,18.4611306,-66.0824083,Route 1: Dorado - Loíza,Routine,<10,26.80,8.16,
3-Apr-2018,RW-27,Ocean Park,18.4530111,-66.0488806,Route 1: Dorado - Loíza,Routine,<10,27.00,8.15,
3-Apr-2018,RW-28,Playa El Alambique,18.4440917,-66.0221500,Route 1: Dorado - Loíza,Routine,<10,27.50,8.16,
3-Apr-2018,RW-21C,Balneario de Carolina,18.4459889,-66.0035722,Route 1: Dorado - Loíza,Routine,<10,27.50,8.12,
3-Apr-2018,RW-29,Vacía Talega,18.4478583,-65.9062306,Route 1: Dorado - Loíza,Routine,20,27.70,8.17,
3-Apr-2018,RW-33,Playita Rosada,17.9717167,-66.0315000,Route 3: Lajas - Salinas,Routine,<10,28.00,8.11,
3-Apr-2018,RW-10,Playa Santa,17.9377111,-66.9551972,Route 3: Lajas - Salinas,Routine,<10,28.30,8.16,
3-Apr-2018,RW-9,Caña Gorda,17.9525306,-66.8845611,Route 3: Lajas - Salinas,Routine,<10,29.00,8.08,
3-Apr-2018,RW-34,Playa Cabullón,17.9692833,-66.6027278,Route 3: Lajas - Salinas,Routine,<10,28.30,8.17,
3-Apr-2018,RW-36,Balneario de Salinas,17.9775889,-66.3324972,Route 3: Lajas - Salinas,Routine,30,28.70,8.2,
2-Apr-2018,RW-38,Muelle de Arecibo,18.4792583,-66.7004667,Route: 6: Arecibo – Vega Alta ,Routine,10,25.00,7.94,
2-Apr-2018,RW-39,Mar Chiquita,18.4729167,-66.4856556,Route: 6: Arecibo – Vega Alta ,Routine,<10,26.20,8.01,
2-Apr-2018,RW-23,Balneario de Puerto Nuevo,18.4913667,-66.3990444,Route: 6: Arecibo – Vega Alta ,Routine,10,26.50,8.13,
2-Apr-2018,RW-17,Balneario Cerro Gordo or Javier Calderón Nieves,18.4812500,-66.3406556,Route: 6: Arecibo – Vega Alta ,Routine,51,27.40,8.14,
2-Apr-2018,RW-37,Villa Lamela,18.0645333,-67.1975278,Route 4: Cabo Rojo,Routine,<10,27.00,8.09,
2-Apr-2018,RW-8,Playa Buyé ,18.0488722,-67.1986250,Route 4: Cabo Rojo,Routine,<10,26.70,7.96,
2-Apr-2018,RW-13,Balneario de Boquerón,18.0194417,-67.1722444,Route 4: Cabo Rojo,Routine,<10,27.30,8.08,
2-Apr-2018,RW-14A,Playa Moja Casabe,17.9858100,-67.2145900,Route 4: Cabo Rojo,Routine,<10,28.10,8.13,
2-Apr-2018,RW-12B,Playa el Combate,17.9747944,-67.2129056,Route 4: Cabo Rojo,Routine,10,28.40,8.07,
4-Apr-2018,RW-7,Balneario Punta Guilarte,17.9620417,-66.0400000,Route 2: Arroyo - Luquillo,Routine,72,27.10,8.06,
4-Apr-2018,RW-6,Balneario de Patillas,17.9739750,-65.9889806,Route 2: Arroyo - Luquillo,Routine,<10,27.60,8.18,
4-Apr-2018,RW-30,Playa Guayanés,18.0626944,-65.8191944,Route 2: Arroyo - Luquillo,Routine,122,28.20,8.03,
4-Apr-2018,RW-4,Balneario Punta Santiago,18.1584139,-65.7551861,Route 2: Arroyo - Luquillo,Routine,10,28.30,7.99,
4-Apr-2018,RW-31,Tropical Beach,18.1869278,-65.7259667,Route 2: Arroyo - Luquillo,Routine,51,28.30,7.98,
4-Apr-2018,RW-2,Balneario Seven Seas,18.3692667,-65.6360722,Route 2: Arroyo - Luquillo,Routine,<10,28.10,8.28,
4-Apr-2018,RW-32,Playa Azul,18.3818667,-65.7184583,Route 2: Arroyo - Luquillo,Routine,<10,27.90,8.12,
4-Apr-2018,RW-1A,Balneario La Monserrate,18.3855917,-65.7294722,Route 2: Arroyo - Luquillo,Routine,<10,28.10,8.07,
9-Apr-2018,RW-7,Balneario Punta Guilarte,17.9620417,-66.0400000,Route 2: Arroyo - Luquillo,Re-sampling,31,26.50,RE-sampling,
9-Apr-2018,RW-30,Playa Guayanés,18.0626944,-65.8191944,Route 2: Arroyo - Luquillo,Re-sampling,30,27.00,RE-sampling,
17-Apr-2018,RW-18,Balneario Manuel “Nolo” Morales or Sardinera,18.4746944,-66.2808917,Route 1: Dorado - Loíza,Routine,256,26.50,7.98,
17-Apr-2018,RW-19,Balneario Punta Salinas,18.4716583,-66.1859944,Route 1: Dorado - Loíza,Routine,71,26.40,8.04,
17-Apr-2018,RW-20A,Balneario El Escambrón,18.4672361,-66.0899583,Route 1: Dorado - Loíza,Routine,<10,27.00,8.1,
17-Apr-2018,RW-25A,Playa Sixto Escobar,18.4667306,-66.0866667,Route 1: Dorado - Loíza,Routine,<10,27.10,8.09,
17-Apr-2018,RW-26,Playita del Condado,18.4611306,-66.0824083,Route 1: Dorado - Loíza,Routine,<10,27.20,8.15,
17-Apr-2018,RW-27,Ocean Park,18.4530111,-66.0488806,Route 1: Dorado - Loíza,Routine,<10,27.20,8.12,
17-Apr-2018,RW-28,Playa El Alambique,18.4440917,-66.0221500,Route 1: Dorado - Loíza,Routine,<10,27.00,8.08,
17-Apr-2018,RW-21C,Balneario de Carolina,18.4459889,-66.0035722,Route 1: Dorado - Loíza,Routine,<10,27.50,8.11,
17-Apr-2018,RW-29,Vacía Talega,18.4478583,-65.9062306,Route 1: Dorado - Loíza,Routine,31,27.30,8.06,
17-Apr-2018,RW-7,Balneario Punta Guilarte,17.9620417,-66.0400000,Route 2: Arroyo - Luquillo,Routine,<10,27.70,8.04,
17-Apr-2018,RW-6,Balneario de Patillas,17.9739750,-65.9889806,Route 2: Arroyo - Luquillo,Routine,20,27.20,8.11,
17-Apr-2018,RW-30,Playa Guayanés,18.0626944,-65.8191944,Route 2: Arroyo - Luquillo,Routine,"1,187",27.50,8.11,
17-Apr-2018,RW-4,Balneario Punta Santiago,18.1584139,-65.7551861,Route 2: Arroyo - Luquillo,Routine,31,27.90,8.14,
17-Apr-2018,RW-31,Tropical Beach,18.1869278,-65.7259667,Route 2: Arroyo - Luquillo,Routine,179,27.60,8.15,
17-Apr-2018,RW-2,Balneario Seven Seas,18.3692667,-65.6360722,Route 2: Arroyo - Luquillo,Routine,<10,28.20,8.23,
17-Apr-2018,RW-32,Playa Azul,18.3818667,-65.7184583,Route 2: Arroyo - Luquillo,Routine,<10,27.90,8.21,
17-Apr-2018,RW-1A,Balneario La Monserrate,18.3855917,-65.7294722,Route 2: Arroyo - Luquillo,Routine,<10,27.80,8.18,
16-Apr-2018,RW-33,Playita Rosada,17.9717167,-66.0315000,Route 3: Lajas - Salinas,Routine,<10,27.60,8.01,
16-Apr-2018,RW-10,Playa Santa,17.9377111,-66.9551972,Route 3: Lajas - Salinas,Routine,30,27.70,8.02,
16-Apr-2018,RW-9,Caña Gorda,17.9525306,-66.8845611,Route 3: Lajas - Salinas,Routine,<10,27.80,8.03,
16-Apr-2018,RW-34,Playa Cabullón,17.9692833,-66.6027278,Route 3: Lajas - Salinas,Routine,<10,28.20,8.06,
16-Apr-2018,RW-36,Balneario de Salinas,17.9775889,-66.3324972,Route 3: Lajas - Salinas,Routine,<10,28.40,8.16,
16-Apr-2018,RW-37,Villa Lamela,18.0645333,-67.1975278,Route 4: Cabo Rojo,Routine,<10,27.80,8.3,
16-Apr-2018,RW-8,Playa Buyé ,18.0488722,-67.1986250,Route 4: Cabo Rojo,Routine,10,27.20,8.13,
16-Apr-2018,RW-13,Balneario de Boquerón,18.0194417,-67.1722444,Route 4: Cabo Rojo,Routine,<10,28.40,8.16,
16-Apr-2018,RW-14A,Playa Moja Casabe,17.9858100,-67.2145900,Route 4: Cabo Rojo,Routine,<10,28.50,8.18,
16-Apr-2018,RW-12B,Playa el Combate,17.9747944,-67.2129056,Route 4: Cabo Rojo,Routine,<10,28.70,8.16,
16-Apr-2018,RW-15,Balneario de Añasco or Balneario Tres Hermanos,18.2879972,-67.1939222,Route 5: Añasco - Aguadilla,Routine,31,27.00,8.06,
16-Apr-2018,RW-5,Balneario de Rincón,18.3409250,-67.2560056,Route 5: Añasco - Aguadilla,Routine,10,27.80,8.06,
16-Apr-2018,RW-22,Pico de Piedra,18.3843639,-67.2129889,Route 5: Añasco - Aguadilla,Routine,10,28.20,8.08,
16-Apr-2018,RW-16,Balneario Crash Boat,18.4576667,-67.1637778,Route 5: Añasco - Aguadilla,Routine,<10,27.00,8.02,
17-Apr-2018,RW-38,Muelle de Arecibo,18.4792583,-66.7004667,Route: 6: Arecibo – Vega Alta ,Routine,109,26.40,8.2,
17-Apr-2018,RW-39,Mar Chiquita,18.4729167,-66.4856556,Route: 6: Arecibo – Vega Alta ,Routine,<10,26.80,8.19,
17-Apr-2018,RW-23,Balneario de Puerto Nuevo,18.4913667,-66.3990444,Route: 6: Arecibo – Vega Alta ,Routine,<10,26.70,8.19,
17-Apr-2018,RW-17,Balneario Cerro Gordo or Javier Calderón Nieves,18.4812500,-66.3406556,Route: 6: Arecibo – Vega Alta ,Routine,<10,26.50,8.21,
23-Apr-2018,RW-30,Playa Guayanés,18.0626944,-65.8191944,Route 2: Arroyo - Luquillo,Re-sampling,146,26.00,RE-sampling,los resultados de enterococos fueron actualizados ya que el Lab. corrigío los mismos. 
23-Apr-2018,RW-31,Tropical Beach,18.1869278,-65.7259667,Route 2: Arroyo - Luquillo,Re-sampling,272,26.00,RE-sampling,los resultados de enterococos fueron actualizados ya que el Lab. corrigío los mismos. 
23-Apr-2018,RW-38,Muelle de Arecibo,18.4792583,-66.7004667,Route: 6: Arecibo – Vega Alta ,Re-sampling,504,26.20,RE-sampling,los resultados de enterococos fueron actualizados ya que el Lab. corrigío los mismos. 
23-Apr-2018,RW-18,Balneario Manuel “Nolo” Morales or Sardinera,18.4746944,-66.2808917,Route 1: Dorado - Loíza,Re-sampling,10,27.40,RE-sampling,
23-Apr-2018,RW-19,Balneario Punta Salinas,18.4716583,-66.1859944,Route 1: Dorado - Loíza,Re-sampling,<10,27.50,RE-sampling,
2-May-2018,RW-18,Balneario Manuel “Nolo” Morales or Sardinera,18.4746944,-66.2808917,Route 1: Dorado - Loíza,Routine,<10,26.40,8.08,
2-May-2018,RW-19,Balneario Punta Salinas,18.4716583,-66.1859944,Route 1: Dorado - Loíza,Routine,<10,26.50,8.19,
2-May-2018,RW-20A,Balneario El Escambrón,18.4672361,-66.0899583,Route 1: Dorado - Loíza,Routine,<10,27.30,8.21,
2-May-2018,RW-25A,Playa Sixto Escobar,18.4667306,-66.0866667,Route 1: Dorado - Loíza,Routine,<10,27.10,8.19,
2-May-2018,RW-26,Playita del Condado,18.4611306,-66.0824083,Route 1: Dorado - Loíza,Routine,<10,27.50,8.25,
2-May-2018,RW-27,Ocean Park,18.4530111,-66.0488806,Route 1: Dorado - Loíza,Routine,<10,27.20,8.2,
2-May-2018,RW-28,Playa El Alambique,18.4440917,-66.0221500,Route 1: Dorado - Loíza,Routine,<10,28.00,8.21,
2-May-2018,RW-21C,Balneario de Carolina,18.4459889,-66.0035722,Route 1: Dorado - Loíza,Routine,<10,28.10,8.22,
2-May-2018,RW-29,Vacía Talega,18.4478583,-65.9062306,Route 1: Dorado - Loíza,Routine,<10,27.30,8.23,
2-May-2018,RW-7,Balneario Punta Guilarte,17.9620417,-66.0400000,Route 2: Arroyo - Luquillo,Routine,31,27.00,8.03,
2-May-2018,RW-6,Balneario de Patillas,17.9739750,-65.9889806,Route 2: Arroyo - Luquillo,Routine,20,27.50,8.12,
2-May-2018,RW-30,Playa Guayanés,18.0626944,-65.8191944,Route 2: Arroyo - Luquillo,Routine,10,28.40,8.16,
2-May-2018,RW-4,Balneario Punta Santiago,18.1584139,-65.7551861,Route 2: Arroyo - Luquillo,Routine,<10,27.70,8.21,
2-May-2018,RW-31,Tropical Beach,18.1869278,-65.7259667,Route 2: Arroyo - Luquillo,Routine,107,27.50,8.28,
2-May-2018,RW-2,Balneario Seven Seas,18.3692667,-65.6360722,Route 2: Arroyo - Luquillo,Routine,<10,28.00,8.28,
2-May-2018,RW-32,Playa Azul,18.3818667,-65.7184583,Route 2: Arroyo - Luquillo,Routine,<10,27.60,8.24,
2-May-2018,RW-1A,Balneario La Monserrate,18.3855917,-65.7294722,Route 2: Arroyo - Luquillo,Routine,<10,28.60,8.21,
30-Apr-2018,RW-33,Playita Rosada,17.9717167,-66.0315000,Route 3: Lajas - Salinas,Routine,<10,27.70,8.13,
30-Apr-2018,RW-10,Playa Santa,17.9377111,-66.9551972,Route 3: Lajas - Salinas,Routine,20,28.90,8.12,
30-Apr-2018,RW-9,Caña Gorda,17.9525306,-66.8845611,Route 3: Lajas - Salinas,Routine,<10,28.80,8.21,
30-Apr-2018,RW-34,Playa Cabullón,17.9692833,-66.6027278,Route 3: Lajas - Salinas,Routine,<10,28.90,8.24,
30-Apr-2018,RW-36,Balneario de Salinas,17.9775889,-66.3324972,Route 3: Lajas - Salinas,Routine,10,28.70,8.24,
30-Apr-2018,RW-37,Villa Lamela,18.0645333,-67.1975278,Route 4: Cabo Rojo,Routine,<10,27.90,8.08,
30-Apr-2018,RW-8,Playa Buyé ,18.0488722,-67.1986250,Route 4: Cabo Rojo,Routine,31,28.00,8.05,
30-Apr-2018,RW-13,Balneario de Boquerón,18.0194417,-67.1722444,Route 4: Cabo Rojo,Routine,120,28.40,8.14,
30-Apr-2018,RW-14A,Playa Moja Casabe,17.9858100,-67.2145900,Route 4: Cabo Rojo,Routine,<10,28.70,8.17,
30-Apr-2018,RW-12B,Playa el Combate,17.9747944,-67.2129056,Route 4: Cabo Rojo,Routine,10,29.10,8.18,
30-Apr-2018,RW-15,Balneario de Añasco or Balneario Tres Hermanos,18.2879972,-67.1939222,Route 5: Añasco - Aguadilla,Routine,<10,28.00,8.02,
30-Apr-2018,RW-5,Balneario de Rincón,18.3409250,-67.2560056,Route 5: Añasco - Aguadilla,Routine,<10,27.90,8.09,
30-Apr-2018,RW-22,Pico de Piedra,18.3843639,-67.2129889,Route 5: Añasco - Aguadilla,Routine,<10,28.60,8.06,
30-Apr-2018,RW-16,Balneario Crash Boat,18.4576667,-67.1637778,Route 5: Añasco - Aguadilla,Routine,<10,29.00,8.12,
2-May-2018,RW-38,Muelle de Arecibo,18.4792583,-66.7004667,Route: 6: Arecibo – Vega Alta ,Routine,10,27.00,8.06,
2-May-2018,RW-39,Mar Chiquita,18.4729167,-66.4856556,Route: 6: Arecibo – Vega Alta ,Routine,<10,27.00,8.13,
2-May-2018,RW-23,Balneario de Puerto Nuevo,18.4913667,-66.3990444,Route: 6: Arecibo – Vega Alta ,Routine,<10,27.50,8.12,
2-May-2018,RW-17,Balneario Cerro Gordo or Javier Calderón Nieves,18.4812500,-66.3406556,Route: 6: Arecibo – Vega Alta ,Routine,<10,27.40,8.11,
7-May-2018,RW-31,Tropical Beach,18.1869278,-65.7259667,Route 2: Arroyo - Luquillo,Re-sampling,206,27.50,Re-sampling,
7-May-2018,RW-13,Balneario de Boquerón,18.0194417,-67.1722444,Route 4: Cabo Rojo,Re-sampling,<10,28.90,Re-sampling,
7-May-2018,RW-31,Tropical Beach,18.1869278,-65.7259667,Route 2: Arroyo - Luquillo,Re-sampling,206,27.50,Re-sampling,
7-May-2018,RW-13,Balneario de Boquerón,18.0194417,-67.1722444,Route 4: Cabo Rojo,Re-sampling,<10,28.90,Re-sampling,
15-May-2018,RW-18,Balneario Manuel “Nolo” Morales or Sardinera,18.4746944,-66.2808917,Route 1: Dorado - Loíza,Routine,<10,27.0,8.04,
15-May-2018,RW-19,Balneario Punta Salinas,18.4716583,-66.1859944,Route 1: Dorado - Loíza,Routine,<10,26.6,8.12,
15-May-2018,RW-20A,Balneario El Escambrón,18.4672361,-66.0899583,Route 1: Dorado - Loíza,Routine,<10,27.4,8.17,
15-May-2018,RW-25A,Playa Sixto Escobar,18.4667306,-66.0866667,Route 1: Dorado - Loíza,Routine,<10,27.2,8.16,
15-May-2018,RW-26,Playita del Condado,18.4611306,-66.0824083,Route 1: Dorado - Loíza,Routine,<10,27.3,8.24/8.24,
15-May-2018,RW-27,Ocean Park,18.4530111,-66.0488806,Route 1: Dorado - Loíza,Routine,<10,27.1,8.23,
15-May-2018,RW-28,Playa El Alambique,18.4440917,-66.0221500,Route 1: Dorado - Loíza,Routine,<10,27.1,8.22,
15-May-2018,RW-21C,Balneario de Carolina,18.4459889,-66.0035722,Route 1: Dorado - Loíza,Routine,<10,27.7,8.21,
15-May-2018,RW-29,Vacía Talega,18.4478583,-65.9062306,Route 1: Dorado - Loíza,Routine,<10,26.9,8.23,
15-May-2018,RW-7,Balneario Punta Guilarte,17.9620417,-66.0400000,Route 2: Arroyo - Luquillo,Routine,<10,27.2,8.06,
15-May-2018,RW-6,Balneario de Patillas,17.9739750,-65.9889806,Route 2: Arroyo - Luquillo,Routine,122,27.7,8.14,
15-May-2018,RW-30,Playa Guayanés,18.0626944,-65.8191944,Route 2: Arroyo - Luquillo,Routine,122,27.5,8.05,
15-May-2018,RW-4,Balneario Punta Santiago,18.1584139,-65.7551861,Route 2: Arroyo - Luquillo,Routine,81,27.6,8.14,
15-May-2018,RW-31,Tropical Beach,18.1869278,-65.7259667,Route 2: Arroyo - Luquillo,Routine,20,27.8,8.22/8.22,
15-May-2018,RW-2,Balneario Seven Seas,18.3692667,-65.6360722,Route 2: Arroyo - Luquillo,Routine,<10,28.3,8.28,
15-May-2018,RW-32,Playa Azul,18.3818667,-65.7184583,Route 2: Arroyo - Luquillo,Routine,<10,27.8,8.25,
15-May-2018,RW-1A,Balneario La Monserrate,18.3855917,-65.7294722,Route 2: Arroyo - Luquillo,Routine,<10,27.6,8.22,
14-May-2018,RW-33,Playita Rosada,17.9717167,-66.0315000,Route 3: Lajas - Salinas,Routine,<10,27.8,8.21,
14-May-2018,RW-10,Playa Santa,17.9377111,-66.9551972,Route 3: Lajas - Salinas,Routine,<10,28.6,8.14,
14-May-2018,RW-9,Caña Gorda,17.9525306,-66.8845611,Route 3: Lajas - Salinas,Routine,<10,28.3,8.18,
14-May-2018,RW-34,Playa Cabullón,17.9692833,-66.6027278,Route 3: Lajas - Salinas,Routine,<10,27.3,8.09,
14-May-2018,RW-36,Balneario de Salinas,17.9775889,-66.3324972,Route 3: Lajas - Salinas,Routine,20,29.0,8.06/8.06,
14-May-2018,RW-37,Villa Lamela,18.0645333,-67.1975278,Route 4: Cabo Rojo,Routine,<10,27.0,7.92,
14-May-2018,RW-8,Playa Buyé ,18.0488722,-67.1986250,Route 4: Cabo Rojo,Routine,<10,27.5,8.09,
14-May-2018,RW-13,Balneario de Boquerón,18.0194417,-67.1722444,Route 4: Cabo Rojo,Routine,<10,29.0,8.12,
14-May-2018,RW-14A,Playa Moja Casabe,17.9858100,-67.2145900,Route 4: Cabo Rojo,Routine,<10,28.4,8.23,
14-May-2018,RW-12B,Playa el Combate,17.9747944,-67.2129056,Route 4: Cabo Rojo,Routine,86,28.3,8.24/8.24,
14-May-2018,RW-15,Balneario de Añasco or Balneario Tres Hermanos,18.2879972,-67.1939222,Route 5: Añasco - Aguadilla,Routine,20,29.1,8.11,
14-May-2018,RW-5,Balneario de Rincón,18.3409250,-67.2560056,Route 5: Añasco - Aguadilla,Routine,<10,29.0,8.14,
14-May-2018,RW-22,Pico de Piedra,18.3843639,-67.2129889,Route 5: Añasco - Aguadilla,Routine,<10,29.1,8.12,
14-May-2018,RW-16,Balneario Crash Boat,18.4576667,-67.1637778,Route 5: Añasco - Aguadilla,Routine,10,28.9,8.08/8.07,
15-May-2018,RW-38,Muelle de Arecibo,18.4792583,-66.7004667,Route: 6: Arecibo – Vega Alta ,Routine,41,28.0,8.04,
15-May-2018,RW-39,Mar Chiquita,18.4729167,-66.4856556,Route: 6: Arecibo – Vega Alta ,Routine,<10,27.8,8.09,
15-May-2018,RW-23,Balneario de Puerto Nuevo,18.4913667,-66.3990444,Route: 6: Arecibo – Vega Alta ,Routine,<10,28.1,8.10,
15-May-2018,RW-17,Balneario Cerro Gordo or Javier Calderón Nieves,18.4812500,-66.3406556,Route: 6: Arecibo – Vega Alta ,Routine,<10,28.2,8.12/8.12,
21-May-2018,RW-6,Balneario de Patillas,17.9739750,-65.9889806,Route 2: Arroyo - Luquillo,Re-sampling,31,27.00,RE-sampling,
21-May-2018,RW-30,Playa Guayanés,18.0626944,-65.8191944,Route 2: Arroyo - Luquillo,Re-sampling,75,27.50,RE-sampling,
21-May-2018,RW-4,Balneario Punta Santiago,18.1584139,-65.7551861,Route 2: Arroyo - Luquillo,Re-sampling,31,27.50,RE-sampling,
21-May-2018,RW-12B,Playa el Combate,17.9747944,-67.2129056,Route 4: Cabo Rojo,Re-sampling,<10,27.10,RE-sampling,
30-May-2018,RW-18,Balneario Manuel “Nolo” Morales or Sardinera,18.4746944,-66.2808917,Route 1: Dorado - Loíza,Routine,30,28.90,7.98,
30-May-2018,RW-19,Balneario Punta Salinas,18.4716583,-66.1859944,Route 1: Dorado - Loíza,Routine,<10,28.00,8.09,
30-May-2018,RW-20A,Balneario El Escambrón,18.4672361,-66.0899583,Route 1: Dorado - Loíza,Routine,20,28.40,8.07,
30-May-2018,RW-25A,Playa Sixto Escobar,18.4667306,-66.0866667,Route 1: Dorado - Loíza,Routine,10,28.50,8.04,
30-May-2018,RW-26,Playita del Condado,18.4611306,-66.0824083,Route 1: Dorado - Loíza,Routine,<10,28.80,8.11,
30-May-2018,RW-27,Ocean Park,18.4530111,-66.0488806,Route 1: Dorado - Loíza,Routine,<10,28.30,8.14,
30-May-2018,RW-28,Playa El Alambique,18.4440917,-66.0221500,Route 1: Dorado - Loíza,Routine,<10,28.80,8.14,
30-May-2018,RW-21C,Balneario de Carolina,18.4459889,-66.0035722,Route 1: Dorado - Loíza,Routine,<10,28.80,8.11,
30-May-2018,RW-29,Vacía Talega,18.4478583,-65.9062306,Route 1: Dorado - Loíza,Routine,<10,29.20,8.1,
30-May-2018,RW-7,Balneario Punta Guilarte,17.9620417,-66.0400000,Route 2: Arroyo - Luquillo,Routine,10,27.70,7.92,
30-May-2018,RW-6,Balneario de Patillas,17.9739750,-65.9889806,Route 2: Arroyo - Luquillo,Routine,20,28.80,8.09,
30-May-2018,RW-30,Playa Guayanés,18.0626944,-65.8191944,Route 2: Arroyo - Luquillo,Routine,81,29.20,8.09,
30-May-2018,RW-4,Balneario Punta Santiago,18.1584139,-65.7551861,Route 2: Arroyo - Luquillo,Routine,20,27.90,8.14,
30-May-2018,RW-31,Tropical Beach,18.1869278,-65.7259667,Route 2: Arroyo - Luquillo,Routine,"17,329",27.90,8.27,
30-May-2018,RW-2,Balneario Seven Seas,18.3692667,-65.6360722,Route 2: Arroyo - Luquillo,Routine,<10,28.90,8.17,
30-May-2018,RW-32,Playa Azul,18.3818667,-65.7184583,Route 2: Arroyo - Luquillo,Routine,<10,28.90,8.14,
29-May-2018,RW-1A,Balneario La Monserrate,18.3855917,-65.7294722,Route 2: Arroyo - Luquillo,Routine,<10,28.50,8.1,
29-May-2018,RW-33,Playita Rosada,17.9717167,-66.0315000,Route 3: Lajas - Salinas,Routine,<10,27.30,7.93,
29-May-2018,RW-10,Playa Santa,17.9377111,-66.9551972,Route 3: Lajas - Salinas,Routine,<10,27.80,7.96,
29-May-2018,RW-9,Caña Gorda,17.9525306,-66.8845611,Route 3: Lajas - Salinas,Routine,10,28.50,8.1,
29-May-2018,RW-34,Playa Cabullón,17.9692833,-66.6027278,Route 3: Lajas - Salinas,Routine,<10,28.90,8.16,
29-May-2018,RW-36,Balneario de Salinas,17.9775889,-66.3324972,Route 3: Lajas - Salinas,Routine,<10,29.80,8.19,
29-May-2018,RW-37,Villa Lamela,18.0645333,-67.1975278,Route 4: Cabo Rojo,Routine,<10,28.20,8.08,
29-May-2018,RW-8,Playa Buyé ,18.0488722,-67.1986250,Route 4: Cabo Rojo,Routine,10,27.90,8.05,
29-May-2018,RW-13,Balneario de Boquerón,18.0194417,-67.1722444,Route 4: Cabo Rojo,Routine,20,29.60,8.08,
29-May-2018,RW-14A,Playa Moja Casabe,17.9858100,-67.2145900,Route 4: Cabo Rojo,Routine,<10,28.50,8.13,
29-May-2018,RW-12B,Playa el Combate,17.9747944,-67.2129056,Route 4: Cabo Rojo,Routine,<10,28.80,8.13,
29-May-2018,RW-15,Balneario de Añasco or Balneario Tres Hermanos,18.2879972,-67.1939222,Route 5: Añasco - Aguadilla,Routine,10,28.10,8.04,
29-May-2018,RW-5,Balneario de Rincón,18.3409250,-67.2560056,Route 5: Añasco - Aguadilla,Routine,20,28.60,7.99,
29-May-2018,RW-22,Pico de Piedra,18.3843639,-67.2129889,Route 5: Añasco - Aguadilla,Routine,<10,27.50,8.07,
29-May-2018,RW-16,Balneario Crash Boat,18.4576667,-67.1637778,Route 5: Añasco - Aguadilla,Routine,63,28.50,8.13,
30-May-2018,RW-38,Muelle de Arecibo,18.4792583,-66.7004667,Route: 6: Arecibo – Vega Alta ,Routine,109,27.50,8.26,
30-May-2018,RW-39,Mar Chiquita,18.4729167,-66.4856556,Route: 6: Arecibo – Vega Alta ,Routine,10,27.70,8.23,
30-May-2018,RW-23,Balneario de Puerto Nuevo,18.4913667,-66.3990444,Route: 6: Arecibo – Vega Alta ,Routine,<10,27.70,8.19,
30-May-2018,RW-17,Balneario Cerro Gordo or Javier Calderón Nieves,18.4812500,-66.3406556,Route: 6: Arecibo – Vega Alta ,Routine,<10,28.00,8.18,
4-Jun-2018,RW-38,Muelle de Arecibo,18.4792583,-66.7004667,Route: 6: Arecibo – Vega Alta ,Re-sampling,20,28.00,Re-sampling,
4-Jun-2018,RW-30,Playa Guayanés,18.0626944,-65.8191944,Route 2: Arroyo - Luquillo,Re-sampling,174,28.00,Re-sampling,
4-Jun-2018,RW-31,Tropical Beach,18.1869278,-65.7259667,Route 2: Arroyo - Luquillo,Re-sampling,20,27.00,Re-sampling,
12-Jun-2018,RW-18,Balneario Manuel “Nolo” Morales or Sardinera,18.4746944,-66.2808917,Route 1: Dorado - Loíza,Routine,10,28.20,8.14,
12-Jun-2018,RW-19,Balneario Punta Salinas,18.4716583,-66.1859944,Route 1: Dorado - Loíza,Routine,<10,27.60,8.1,
12-Jun-2018,RW-20A,Balneario El Escambrón,18.4672361,-66.0899583,Route 1: Dorado - Loíza,Routine,<10,28.50,8.13,
12-Jun-2018,RW-25A,Playa Sixto Escobar,18.4667306,-66.0866667,Route 1: Dorado - Loíza,Routine,<10,28.30,8.09,
12-Jun-2018,RW-26,Playita del Condado,18.4611306,-66.0824083,Route 1: Dorado - Loíza,Routine,<10,28.80,8.14,
12-Jun-2018,RW-27,Ocean Park,18.4530111,-66.0488806,Route 1: Dorado - Loíza,Routine,<10,28.10,8.17,
12-Jun-2018,RW-28,Playa El Alambique,18.4440917,-66.0221500,Route 1: Dorado - Loíza,Routine,<10,28.40,8.17,
12-Jun-2018,RW-21C,Balneario de Carolina,18.4459889,-66.0035722,Route 1: Dorado - Loíza,Routine,10,28.70,8.12,
12-Jun-2018,RW-29,Vacía Talega,18.4478583,-65.9062306,Route 1: Dorado - Loíza,Routine,<10,28.80,NO DATO ,
12-Jun-2018,RW-7,Balneario Punta Guilarte,17.9620417,-66.0400000,Route 2: Arroyo - Luquillo,Routine,63,28.00,8.13,
12-Jun-2018,RW-6,Balneario de Patillas,17.9739750,-65.9889806,Route 2: Arroyo - Luquillo,Routine,41,27.60,8.16,
12-Jun-2018,RW-30,Playa Guayanés,18.0626944,-65.8191944,Route 2: Arroyo - Luquillo,Routine,20,28.20,8.14,
12-Jun-2018,RW-4,Balneario Punta Santiago,18.1584139,-65.7551861,Route 2: Arroyo - Luquillo,Routine,<10,28.30,7.95,
12-Jun-2018,RW-31,Tropical Beach,18.1869278,-65.7259667,Route 2: Arroyo - Luquillo,Routine,683,28.30,8.1,
12-Jun-2018,RW-2,Balneario Seven Seas,18.3692667,-65.6360722,Route 2: Arroyo - Luquillo,Routine,828,28.70,8.16,
12-Jun-2018,RW-32,Playa Azul,18.3818667,-65.7184583,Route 2: Arroyo - Luquillo,Routine,10,28.60,8.19,
12-Jun-2018,RW-1A,Balneario La Monserrate,18.3855917,-65.7294722,Route 2: Arroyo - Luquillo,Routine,20,28.60,8.14,
12-Jun-2018,RW-33,Playita Rosada,17.9717167,-66.0315000,Route 3: Lajas - Salinas,Routine,<10,28.50,8.1,
12-Jun-2018,RW-10,Playa Santa,17.9377111,-66.9551972,Route 3: Lajas - Salinas,Routine,<10,29.70,7.97,
12-Jun-2018,RW-9,Caña Gorda,17.9525306,-66.8845611,Route 3: Lajas - Salinas,Routine,<10,29.20,8.01,
12-Jun-2018,RW-34,Playa Cabullón,17.9692833,-66.6027278,Route 3: Lajas - Salinas,Routine,10,29.30,8.01,
12-Jun-2018,RW-36,Balneario de Salinas,17.9775889,-66.3324972,Route 3: Lajas - Salinas,Routine,20,30.40,8.05,
11-Jun-2018,RW-37,Villa Lamela,18.0645333,-67.1975278,Route 4: Cabo Rojo,Routine,20,30.00,8.05,
11-Jun-2018,RW-8,Playa Buyé ,18.0488722,-67.1986250,Route 4: Cabo Rojo,Routine,<10,29.50,7.99,
11-Jun-2018,RW-13,Balneario de Boquerón,18.0194417,-67.1722444,Route 4: Cabo Rojo,Routine,<10,29.90,8.13,
11-Jun-2018,RW-14A,Playa Moja Casabe,17.9858100,-67.2145900,Route 4: Cabo Rojo,Routine,<10,29.40,8.1,
11-Jun-2018,RW-12B,Playa el Combate,17.9747944,-67.2129056,Route 4: Cabo Rojo,Routine,10,29.50,8.05,
11-Jun-2018,RW-15,Balneario de Añasco or Balneario Tres Hermanos,18.2879972,-67.1939222,Route 5: Añasco - Aguadilla,Routine,10,28.80,7.98,
11-Jun-2018,RW-5,Balneario de Rincón,18.3409250,-67.2560056,Route 5: Añasco - Aguadilla,Routine,74,27.90,8.08,
11-Jun-2018,RW-22,Pico de Piedra,18.3843639,-67.2129889,Route 5: Añasco - Aguadilla,Routine,31,28.90,8.11,
11-Jun-2018,RW-16,Balneario Crash Boat,18.4576667,-67.1637778,Route 5: Añasco - Aguadilla,Routine,20,28.70,8.1,
11-Jun-2018,RW-38,Muelle de Arecibo,18.4792583,-66.7004667,Route: 6: Arecibo – Vega Alta ,Routine,110,26.60,8.08,
11-Jun-2018,RW-39,Mar Chiquita,18.4729167,-66.4856556,Route: 6: Arecibo – Vega Alta ,Routine,<10,27.70,8.12,
11-Jun-2018,RW-23,Balneario de Puerto Nuevo,18.4913667,-66.3990444,Route: 6: Arecibo – Vega Alta ,Routine,<10,29.50,8.08,
11-Jun-2018,RW-17,Balneario Cerro Gordo or Javier Calderón Nieves,18.4812500,-66.3406556,Route: 6: Arecibo – Vega Alta ,Routine,<10,28.80,8.11,
18-Jun-2018,RW-31,Tropical Beach,,,,,10,,,
18-Jun-2018,RW-2,Balneario Seven Seas,,,,,10,,,
18-Jun-2018,RW-5,Balneario de Rincón,,,,,<10,,,
18-Jun-2018,RW-38,Muelle de Arecibo,,,,,<10,,,
26-Jun-2018,RW-18,Balneario Manuel “Nolo” Morales or Sardinera,,,,,<10,27.9,8.06,
26-Jun-2018,RW-19,Balneario Punta Salinas,,,,,<10,28.1,8.10,
26-Jun-2018,RW-20A,Balneario El Escambrón,,,,,31,28.9,8.18,
26-Jun-2018,RW-25A,Playa Sixto Escobar,,,,,<10,28.5,8.11,
26-Jun-2018,RW-26,Playita del Condado,,,,,<10,28.9,8.21/8.21,
26-Jun-2018,RW-27,Ocean Park,,,,,<10,28.4,8.16,
26-Jun-2018,RW-28,Playa El Alambique,,,,,<10,28.8,8.17,
26-Jun-2018,RW-21C,Balneario de Carolina,,,,,<10,29.0,8.16,
26-Jun-2018,RW-29,Vacía Talega,,,,,<10,28.8,8.10,
26-Jun-2018,RW-7,Balneario Punta Guilarte,,,,,31,27.9,8.01,
26-Jun-2018,RW-6,Balneario de Patillas,,,,,<10,27.9,8.10,
26-Jun-2018,RW-30,Playa Guayanés,,,,,10,28.3,8.03,
26-Jun-2018,RW-4,Balneario Punta Santiago,,,,,41,29.0,8.11,
26-Jun-2018,RW-31,Tropical Beach,,,,,41,28.2,8.07/8.07,
26-Jun-2018,RW-2,Balneario Seven Seas,,,,,<10,29.7,8.18,
26-Jun-2018,RW-32,Playa Azul,,,,,<10,28.9,8.20,
26-Jun-2018,RW-1A,Balneario La Monserrate,,,,,<10,29.0,8.19,
25-Jun-2018,RW-33,Playita Rosada,,,,,<10,27.7,7.98,
25-Jun-2018,RW-10,Playa Santa,,,,,85,28.4,6.89,
25-Jun-2018,RW-9,Caña Gorda,,,,,86,29.0,6.79,
25-Jun-2018,RW-34,Playa Cabullón,,,,,82,28.7,6.71,
25-Jun-2018,RW-36,Balneario de Salinas,,,,,120,29.6,6.75/6.80,
25-Jun-2018,RW-37,Villa Lamela,,,,,<10,28.5,8.01,
25-Jun-2018,RW-8,Playa Buyé ,,,,,20,28.8,8.02,
25-Jun-2018,RW-13,Balneario de Boquerón,,,,,<10,29.0,8.12,
25-Jun-2018,RW-14A,Playa Moja Casabe,,,,,30,28.5,8.08,
25-Jun-2018,RW-12B,Playa el Combate,,,,,10,29.2,8.12/8.12,
25-Jun-2018,RW-15,Balneario de Añasco or Balneario Tres Hermanos,,,,,20,29.6,7.96,
25-Jun-2018,RW-5,Balneario de Rincón,,,,,<10,29.7,8.11,
25-Jun-2018,RW-22,Pico de Piedra,,,,,<10,29.4,8.09,
25-Jun-2018,RW-16,Balneario Crash Boat,,,,,52,29.9,8.18/8.19,
26-Jun-2018,RW-38,Muelle de Arecibo,,,,,<10,27.9,8.05,
26-Jun-2018,RW-39,Mar Chiquita,,,,,<10,29.7,8.16,
26-Jun-2018,RW-23,Balneario de Puerto Nuevo,,,,,<10,28.0,8.12,
26-Jun-2018,RW-17,Balneario Cerro Gordo or Javier Calderón Nieves,,,,,<10,28.4,8.09/8.10,
2-Jul-2018,RW-10,Playa Santa,,,,,10,27.0,Re-sampling,
2-Jul-2018,RW-9,Caña Gorda,,,,,84,28.0,Re-sampling,
2-Jul-2018,RW-34,Playa Cabullón,,,,,20,28.5,Re-sampling,
2-Jul-2018,RW-36,Balneario de Salinas,,,,,30,28.5,Re-sampling,
17-Jul-2018,RW-18,Balneario Manuel “Nolo” Morales or Sardinera,18.4746944,-66.2808917,Route 1: Dorado - Loíza,Routine,31,28.50,7.97,
17-Jul-2018,RW-19,Balneario Punta Salinas,18.4716583,-66.1859944,Route 1: Dorado - Loíza,Routine,10,27.90,8.17,
17-Jul-2018,RW-20A,Balneario El Escambrón,18.4672361,-66.0899583,Route 1: Dorado - Loíza,Routine,<10,29.10,8.2,
17-Jul-2018,RW-25A,Playa Sixto Escobar,18.4667306,-66.0866667,Route 1: Dorado - Loíza,Routine,<10,28.60,8.01,
17-Jul-2018,RW-26,Playita del Condado,18.4611306,-66.0824083,Route 1: Dorado - Loíza,Routine,10,29.10,8.23,
17-Jul-2018,RW-27,Ocean Park,18.4530111,-66.0488806,Route 1: Dorado - Loíza,Routine,<10,28.80,8.26,
17-Jul-2018,RW-28,Playa El Alambique,18.4440917,-66.0221500,Route 1: Dorado - Loíza,Routine,<10,28.90,8.2,
17-Jul-2018,RW-21C,Balneario de Carolina,18.4459889,-66.0035722,Route 1: Dorado - Loíza,Routine,<10,29.10,8.25,
17-Jul-2018,RW-29,Vacía Talega,18.4478583,-65.9062306,Route 1: Dorado - Loíza,Routine,<10,29.10,8.27,
17-Jul-2018,RW-7,Balneario Punta Guilarte,17.9620417,-66.0400000,Route 2: Arroyo - Luquillo,Routine,10,28.1,7.84,
17-Jul-2018,RW-6,Balneario de Patillas,17.9739750,-65.9889806,Route 2: Arroyo - Luquillo,Routine,<10,28.4,7.98,
17-Jul-2018,RW-30,Playa Guayanés,18.0626944,-65.8191944,Route 2: Arroyo - Luquillo,Routine,41,28.8,8,
17-Jul-2018,RW-4,Balneario Punta Santiago,18.1584139,-65.7551861,Route 2: Arroyo - Luquillo,Routine,<10,28.4,8.19,
17-Jul-2018,RW-31,Tropical Beach,18.1869278,-65.7259667,Route 2: Arroyo - Luquillo,Routine,30,29.3,8.2,
17-Jul-2018,RW-2,Balneario Seven Seas,18.3692667,-65.6360722,Route 2: Arroyo - Luquillo,Routine,<10,29.5,8.23,
17-Jul-2018,RW-32,Playa Azul,18.3818667,-65.7184583,Route 2: Arroyo - Luquillo,Routine,<10,29.2,8.24,
17-Jul-2018,RW-1A,Balneario La Monserrate,18.3855917,-65.7294722,Route 2: Arroyo - Luquillo,Routine,<10,29.2,8.2,
16-Jul-2018,RW-33,Playita Rosada,17.9717167,-66.0315000,Route 3: Lajas - Salinas,Routine,<10,28.7,7.96,
16-Jul-2018,RW-10,Playa Santa,17.9377111,-66.9551972,Route 3: Lajas - Salinas,Routine,<10,28.4,8.07,
16-Jul-2018,RW-9,Caña Gorda,17.9525306,-66.8845611,Route 3: Lajas - Salinas,Routine,<10,28.6,8.08,
16-Jul-2018,RW-34,Playa Cabullón,17.9692833,-66.6027278,Route 3: Lajas - Salinas,Routine,<10,29.1,8.19,
16-Jul-2018,RW-36,Balneario de Salinas,17.9775889,-66.3324972,Route 3: Lajas - Salinas,Routine,10,29.4,8.2,
16-Jul-2018,RW-37,Villa Lamela,18.0645333,-67.1975278,Route 4: Cabo Rojo,Routine,<10,28.9,8.25,
16-Jul-2018,RW-8,Playa Buyé ,18.0488722,-67.1986250,Route 4: Cabo Rojo,Routine,86,29.7,8.1,
16-Jul-2018,RW-13,Balneario de Boquerón,18.0194417,-67.1722444,Route 4: Cabo Rojo,Routine,<10,29.3,8.13,
16-Jul-2018,RW-14A,Playa Moja Casabe,17.9858100,-67.2145900,Route 4: Cabo Rojo,Routine,<10,29.5,8.17,
16-Jul-2018,RW-12B,Playa el Combate,17.9747944,-67.2129056,Route 4: Cabo Rojo,Routine,<10,29.5,8.15,
16-Jul-2018,RW-15,Balneario de Añasco or Balneario Tres Hermanos,18.2879972,-67.1939222,Route 5: Añasco - Aguadilla,Routine,<10,29.7,8.41,
16-Jul-2018,RW-5,Balneario de Rincón,18.3409250,-67.2560056,Route 5: Añasco - Aguadilla,Routine,<10,29.3,8.31,
16-Jul-2018,RW-22,Pico de Piedra,18.3843639,-67.2129889,Route 5: Añasco - Aguadilla,Routine,20,29.7,8.32,
16-Jul-2018,RW-16,Balneario Crash Boat,18.4576667,-67.1637778,Route 5: Añasco - Aguadilla,Routine,30,29.2,8.38,
17-Jul-2018,RW-38,Muelle de Arecibo,18.4792583,-66.7004667,Route: 6: Arecibo – Vega Alta ,Routine,<10,28.9,8.15,
17-Jul-2018,RW-39,Mar Chiquita,18.4729167,-66.4856556,Route: 6: Arecibo – Vega Alta ,Routine,<10,28.0,8.24,
17-Jul-2018,RW-23,Balneario de Puerto Nuevo,18.4913667,-66.3990444,Route: 6: Arecibo – Vega Alta ,Routine,<10,28.6,8.19,
17-Jul-2018,RW-17,Balneario Cerro Gordo or Javier Calderón Nieves,18.4812500,-66.3406556,Route: 6: Arecibo – Vega Alta ,Routine,<10,29.4,8.14,
23-Jul-2018,RW-8,Playa Buyé ,18.0488722,-67.1986250,Route 4: Cabo Rojo,Re-sampling,10,29.9,Re-sampling,
31-Jul-2018,RW-18,Balneario Manuel “Nolo” Morales or Sardinera,18.4746944,-66.2808917,Route 1: Dorado - Loíza,Routine,10,27.9,8.21,
31-Jul-2018,RW-19,Balneario Punta Salinas,18.4716583,-66.1859944,Route 1: Dorado - Loíza,Routine,<10,27.8,8.17,
31-Jul-2018,RW-20A,Balneario El Escambrón,18.4672361,-66.0899583,Route 1: Dorado - Loíza,Routine,<10,28.6,8.23,
31-Jul-2018,RW-25A,Playa Sixto Escobar,18.4667306,-66.0866667,Route 1: Dorado - Loíza,Routine,<10,28.3,8.1,
31-Jul-2018,RW-26,Playita del Condado,18.4611306,-66.0824083,Route 1: Dorado - Loíza,Routine,<10,29.2,8.18,
31-Jul-2018,RW-27,Ocean Park,18.4530111,-66.0488806,Route 1: Dorado - Loíza,Routine,10,28.2,8.22,
31-Jul-2018,RW-28,Playa El Alambique,18.4440917,-66.0221500,Route 1: Dorado - Loíza,Routine,<10,28.8,8.2,
31-Jul-2018,RW-21C,Balneario de Carolina,18.4459889,-66.0035722,Route 1: Dorado - Loíza,Routine,10,29.0,8.16,
31-Jul-2018,RW-29,Vacía Talega,18.4478583,-65.9062306,Route 1: Dorado - Loíza,Routine,20,29.0,8.2,
31-Jul-2018,RW-7,Balneario Punta Guilarte,17.9620417,-66.0400000,Route 2: Arroyo - Luquillo,Routine,10,28.8,7.97,
31-Jul-2018,RW-6,Balneario de Patillas,17.9739750,-65.9889806,Route 2: Arroyo - Luquillo,Routine,10,28.9,8.04,
31-Jul-2018,RW-30,Playa Guayanés,18.0626944,-65.8191944,Route 2: Arroyo - Luquillo,Routine,96,28.1,8.00,
31-Jul-2018,RW-4,Balneario Punta Santiago,18.1584139,-65.7551861,Route 2: Arroyo - Luquillo,Routine,<10,28.8,8.01,
31-Jul-2018,RW-31,Tropical Beach,18.1869278,-65.7259667,Route 2: Arroyo - Luquillo,Routine,<10,28.6,8.07,
31-Jul-2018,RW-2,Balneario Seven Seas,18.3692667,-65.6360722,Route 2: Arroyo - Luquillo,Routine,<10,29.0,8.08,
31-Jul-2018,RW-32,Playa Azul,18.3818667,-65.7184583,Route 2: Arroyo - Luquillo,Routine,<10,28.6,8.16,
31-Jul-2018,RW-1A,Balneario La Monserrate,18.3855917,-65.7294722,Route 2: Arroyo - Luquillo,Routine,<10,29.4,8.12,
30-Jul-2018,RW-33,Playita Rosada,17.9717167,-66.0315000,Route 3: Lajas - Salinas,Routine,10,28.5,8.03,
30-Jul-2018,RW-10,Playa Santa,17.9377111,-66.9551972,Route 3: Lajas - Salinas,Routine,10,28.7,8.10,
30-Jul-2018,RW-9,Caña Gorda,17.9525306,-66.8845611,Route 3: Lajas - Salinas,Routine,10,29.0,8.03,
30-Jul-2018,RW-34,Playa Cabullón,17.9692833,-66.6027278,Route 3: Lajas - Salinas,Routine,<10,30.0,8.13,
30-Jul-2018,RW-36,Balneario de Salinas,17.9775889,-66.3324972,Route 3: Lajas - Salinas,Routine,<10,30.5,8.19,
30-Jul-2018,RW-37,Villa Lamela,18.0645333,-67.1975278,Route 4: Cabo Rojo,Routine,<10,29.5,8.25,
30-Jul-2018,RW-8,Playa Buyé ,18.0488722,-67.1986250,Route 4: Cabo Rojo,Routine,10,29.0,8.23,
30-Jul-2018,RW-13,Balneario de Boquerón,18.0194417,-67.1722444,Route 4: Cabo Rojo,Routine,<10,29.4,8.21,
30-Jul-2018,RW-14A,Playa Moja Casabe,17.9858100,-67.2145900,Route 4: Cabo Rojo,Routine,52,29.4,8.29,
30-Jul-2018,RW-12B,Playa el Combate,17.9747944,-67.2129056,Route 4: Cabo Rojo,Routine,84,29.1,8.27,
30-Jul-2018,RW-15,Balneario de Añasco or Balneario Tres Hermanos,18.2879972,-67.1939222,Route 5: Añasco - Aguadilla,Routine,63,29.7,8.15,
30-Jul-2018,RW-5,Balneario de Rincón,18.3409250,-67.2560056,Route 5: Añasco - Aguadilla,Routine,<10,29.5,8.29,
30-Jul-2018,RW-22,Pico de Piedra,18.3843639,-67.2129889,Route 5: Añasco - Aguadilla,Routine,<10,29.2,8.31,
30-Jul-2018,RW-16,Balneario Crash Boat,18.4576667,-67.1637778,Route 5: Añasco - Aguadilla,Routine,10,29.6,8.37,
31-Jul-2018,RW-38,Muelle de Arecibo,18.4792583,-66.7004667,Route: 6: Arecibo – Vega Alta ,Routine,51,28.6,8.25,
31-Jul-2018,RW-39,Mar Chiquita,18.4729167,-66.4856556,Route: 6: Arecibo – Vega Alta ,Routine,<10,27.7,8.30,
31-Jul-2018,RW-23,Balneario de Puerto Nuevo,18.4913667,-66.3990444,Route: 6: Arecibo – Vega Alta ,Routine,20,28.2,8.27,
31-Jul-2018,RW-17,Balneario Cerro Gordo or Javier Calderón Nieves,18.4812500,-66.3406556,Route: 6: Arecibo – Vega Alta ,Routine,40,29.2,8.22,
7-Aug-2018,RW-30,Playa Guayanés,,-65.8191944,Route 2: Arroyo - Luquillo,Re-sampling,20,29.4,Re-sampling,
6-Aug-2018,RW-12B,Playa el Combate,,-67.2129056,Route 4: Cabo Rojo,Re-sampling,41,27.0,Re-sampling,
14-Aug-2018,RW-18,Balneario Manuel “Nolo” Morales or Sardinera,18.4746944,-66.2808917,Route 1: Dorado - Loíza,Routine,10,29.1,8.17,
14-Aug-2018,RW-19,Balneario Punta Salinas,18.4716583,-66.1859944,Route 1: Dorado - Loíza,Routine,<10,28.5,8.22,
14-Aug-2018,RW-20A,Balneario El Escambrón,18.4672361,-66.0899583,Route 1: Dorado - Loíza,Routine,<10,26.8,8.26,
14-Aug-2018,RW-25A,Playa Sixto Escobar,18.4667306,-66.0866667,Route 1: Dorado - Loíza,Routine,<10,29.3,8.14,
14-Aug-2018,RW-26,Playita del Condado,18.4611306,-66.0824083,Route 1: Dorado - Loíza,Routine,<10,29.3,8.22,
14-Aug-2018,RW-27,Ocean Park,18.4530111,-66.0488806,Route 1: Dorado - Loíza,Routine,<10,29.5,8.19,
14-Aug-2018,RW-28,Playa El Alambique,18.4440917,-66.0221500,Route 1: Dorado - Loíza,Routine,<10,29.8,8.22,
14-Aug-2018,RW-21C,Balneario de Carolina,18.4459889,-66.0035722,Route 1: Dorado - Loíza,Routine,10,29.8,8.21,
14-Aug-2018,RW-29,Vacía Talega,18.4478583,-65.9062306,Route 1: Dorado - Loíza,Routine,<10,29.1,8.25,
13-Aug-2018,RW-7,Balneario Punta Guilarte,17.9620417,-66.0400000,Route 2: Arroyo - Luquillo,Routine,119,28.1,8.18,
13-Aug-2018,RW-6,Balneario de Patillas,17.9739750,-65.9889806,Route 2: Arroyo - Luquillo,Routine,214,28.4,8.11,
13-Aug-2018,RW-30,Playa Guayanés,18.0626944,-65.8191944,Route 2: Arroyo - Luquillo,Routine,73,29.4,8.05,
13-Aug-2018,RW-4,Balneario Punta Santiago,18.1584139,-65.7551861,Route 2: Arroyo - Luquillo,Routine,20,29.7,8.18,
13-Aug-2018,RW-31,Tropical Beach,18.1869278,-65.7259667,Route 2: Arroyo - Luquillo,Routine,110,29.5,8.13,
13-Aug-2018,RW-2,Balneario Seven Seas,18.3692667,-65.6360722,Route 2: Arroyo - Luquillo,Routine,10,29.6,8.22,
13-Aug-2018,RW-32,Playa Azul,18.3818667,-65.7184583,Route 2: Arroyo - Luquillo,Routine,<10,26.6,8.18,
13-Aug-2018,RW-1A,Balneario La Monserrate,18.3855917,-65.7294722,Route 2: Arroyo - Luquillo,Routine,20,29.9,8.18,
14-Aug-2018,RW-33,Playita Rosada,17.9717167,-66.0315000,Route 3: Lajas - Salinas,Routine,<10,29.3,8.11,
14-Aug-2018,RW-10,Playa Santa,17.9377111,-66.9551972,Route 3: Lajas - Salinas,Routine,<10,29.9,8.08,
14-Aug-2018,RW-9,Caña Gorda,17.9525306,-66.8845611,Route 3: Lajas - Salinas,Routine,<10,30.0,8.04,
14-Aug-2018,RW-34,Playa Cabullón,17.9692833,-66.6027278,Route 3: Lajas - Salinas,Routine,<10,29.6,8.18,
14-Aug-2018,RW-36,Balneario de Salinas,17.9775889,-66.3324972,Route 3: Lajas - Salinas,Routine,<10,30.2,8.19,
14-Aug-2018,RW-37,Villa Lamela,18.0645333,-67.1975278,Route 4: Cabo Rojo,Routine,<10,29.7,8.08,
14-Aug-2018,RW-8,Playa Buyé ,18.0488722,-67.1986250,Route 4: Cabo Rojo,Routine,10,29.0,8.13,
14-Aug-2018,RW-13,Balneario de Boquerón,18.0194417,-67.1722444,Route 4: Cabo Rojo,Routine,<10,29.5,8.13,
14-Aug-2018,RW-14A,Playa Moja Casabe,17.9858100,-67.2145900,Route 4: Cabo Rojo,Routine,10,29.6,8.23,
13-Aug-2018,RW-12B,Playa el Combate,17.9747944,-67.2129056,Route 4: Cabo Rojo,Routine,10,29.1,8.22,
13-Aug-2018,RW-15,Balneario de Añasco or Balneario Tres Hermanos,18.2879972,-67.1939222,Route 5: Añasco - Aguadilla,Routine,336,29.8,8.05,
13-Aug-2018,RW-5,Balneario de Rincón,18.3409250,-67.2560056,Route 5: Añasco - Aguadilla,Routine,52,28.6,8.21,
13-Aug-2018,RW-22,Pico de Piedra,18.3843639,-67.2129889,Route 5: Añasco - Aguadilla,Routine,109,29.1,8.19,
13-Aug-2018,RW-16,Balneario Crash Boat,18.4576667,-67.1637778,Route 5: Añasco - Aguadilla,Routine,62,29.9,8.23,
13-Aug-2018,RW-38,Muelle de Arecibo,18.4792583,-66.7004667,Route: 6: Arecibo – Vega Alta ,Routine,51,29.2,8.21,
13-Aug-2018,RW-39,Mar Chiquita,18.4729167,-66.4856556,Route: 6: Arecibo – Vega Alta ,Routine,10,29.3,8.3,
13-Aug-2018,RW-23,Balneario de Puerto Nuevo,18.4913667,-66.3990444,Route: 6: Arecibo – Vega Alta ,Routine,10,29.2,8.26,
13-Aug-2018,RW-17,Balneario Cerro Gordo or Javier Calderón Nieves,18.4812500,-66.3406556,Route: 6: Arecibo – Vega Alta ,Routine,61,29.7,8.29,
20-Agu-2018,RW-24A,Balneario Sun Bay,,,Route: Vieques ,Routine,<10,29.8,8.0,Programa de Bandera Azul 
20-Agu-2018,RW-24B,Balneario Sun Bay,,,Route: Vieques ,Routine,<10,29.2,7.9,Programa de Bandera Azul 
20-Agu-2018,RW-15,Balneario de Añasco or Balneario Tres Hermanos,18.2879972,-67.1939222,Route 5: Añasco - Aguadilla,Re-sampling,<10,29.5,Re-sampling,
20-Agu-2018,RW-22,Pico de Piedra,18.3843639,-67.2129889,Route 5: Añasco - Aguadilla,Re-sampling,<10,29.7,Re-sampling,
20-Agu-2018,RW-7,Balneario Punta Guilarte,17.9620417,-66.0400000,Route 2: Arroyo - Luquillo,Re-sampling,51,29.8,Re-sampling,
20-Agu-2018,RW-6,Balneario de Patillas,17.9739750,-65.9889806,Route 2: Arroyo - Luquillo,Re-sampling,197,29.2,Re-sampling,
20-Agu-2018,RW-30,Playa Guayanés,18.0626944,-65.8191944,Route 2: Arroyo - Luquillo,Re-sampling,<10,30.6,Re-sampling,
20-Agu-2018,RW-31,Tropical Beach,18.1869278,-65.7259667,Route 2: Arroyo - Luquillo,Re-sampling,74,30.0,Re-sampling,
28-Aug-2018,RW-18,Balneario Manuel “Nolo” Morales or Sardinera,18.4746944,-66.2808917,Route 1: Dorado - Loíza,Routine,<10,29.4,8.08,
28-Aug-2018,RW-19,Balneario Punta Salinas,18.4716583,-66.1859944,Route 1: Dorado - Loíza,Routine,20,29.1,7.98,
28-Aug-2018,RW-20A,Balneario El Escambrón,18.4672361,-66.0899583,Route 1: Dorado - Loíza,Routine,<10,29.2,8.24,
28-Aug-2018,RW-25A,Playa Sixto Escobar,18.4667306,-66.0866667,Route 1: Dorado - Loíza,Routine,63,29.4,8.02,
28-Aug-2018,RW-26,Playita del Condado,18.4611306,-66.0824083,Route 1: Dorado - Loíza,Routine,<10,29.6,8.2,
28-Aug-2018,RW-27,Ocean Park,18.4530111,-66.0488806,Route 1: Dorado - Loíza,Routine,<10,28.4,7.85,
28-Aug-2018,RW-28,Playa El Alambique,18.4440917,-66.0221500,Route 1: Dorado - Loíza,Routine,<10,29.8,8.29,
28-Aug-2018,RW-21C,Balneario de Carolina,18.4459889,-66.0035722,Route 1: Dorado - Loíza,Routine,<10,30.1,8.25,
28-Aug-2018,RW-29,Vacía Talega,18.4478583,-65.9062306,Route 1: Dorado - Loíza,Routine,391,29.7,8.31,
27-Aug-2018,RW-7,Balneario Punta Guilarte,17.9620417,-66.0400000,Route 2: Arroyo - Luquillo,Routine,41,28.6,7.8,
27-Aug-2018,RW-6,Balneario de Patillas,17.9739750,-65.9889806,Route 2: Arroyo - Luquillo,Routine,52,28.2,7.99,
27-Aug-2018,RW-30,Playa Guayanés,18.0626944,-65.8191944,Route 2: Arroyo - Luquillo,Routine,73,29.5,7.95,
27-Aug-2018,RW-4,Balneario Punta Santiago,18.1584139,-65.7551861,Route 2: Arroyo - Luquillo,Routine,108,28.7,8.11,
27-Aug-2018,RW-31,Tropical Beach,18.1869278,-65.7259667,Route 2: Arroyo - Luquillo,Routine,536,28.9,8.15,
27-Aug-2018,RW-2,Balneario Seven Seas,18.3692667,-65.6360722,Route 2: Arroyo - Luquillo,Routine,<10,29.1,8.16,
27-Aug-2018,RW-32,Playa Azul,18.3818667,-65.7184583,Route 2: Arroyo - Luquillo,Routine,10,28.9,8.14,
27-Aug-2018,RW-1A,Balneario La Monserrate,18.3855917,-65.7294722,Route 2: Arroyo - Luquillo,Routine,<10,29.2,8.15,
28-Aug-2018,RW-33,Playita Rosada,17.9717167,-66.0315000,Route 3: Lajas - Salinas,Routine,<10,29.4,8.06,
28-Aug-2018,RW-10,Playa Santa,17.9377111,-66.9551972,Route 3: Lajas - Salinas,Routine,<10,29.9,8.01,
28-Aug-2018,RW-9,Caña Gorda,17.9525306,-66.8845611,Route 3: Lajas - Salinas,Routine,<10,30.0,8.01,
28-Aug-2018,RW-34,Playa Cabullón,17.9692833,-66.6027278,Route 3: Lajas - Salinas,Routine,<10,30.0,8.18,
28-Aug-2018,RW-36,Balneario de Salinas,17.9775889,-66.3324972,Route 3: Lajas - Salinas,Routine,<10,30.4,8.14,
27-Aug-2018,RW-37,Villa Lamela,18.0645333,-67.1975278,Route 4: Cabo Rojo,Routine,10,29.3,8.26,
27-Aug-2018,RW-8,Playa Buyé ,18.0488722,-67.1986250,Route 4: Cabo Rojo,Routine,110,29.3,8.27,
27-Aug-2018,RW-13,Balneario de Boquerón,18.0194417,-67.1722444,Route 4: Cabo Rojo,Routine,10,30.4,8.28,
27-Aug-2018,RW-14A,Playa Moja Casabe,17.9858100,-67.2145900,Route 4: Cabo Rojo,Routine,20,30.9,8.28,
27-Aug-2018,RW-12B,Playa el Combate,17.9747944,-67.2129056,Route 4: Cabo Rojo,Routine,10,30.2,8.29,
27-Aug-2018,RW-15,Balneario de Añasco or Balneario Tres Hermanos,18.2879972,-67.1939222,Route 5: Añasco - Aguadilla,Routine,<10,29.6,8.16,
27-Aug-2018,RW-5,Balneario de Rincón,18.3409250,-67.2560056,Route 5: Añasco - Aguadilla,Routine,31,29.5,8.19,
27-Aug-2018,RW-22,Pico de Piedra,18.3843639,-67.2129889,Route 5: Añasco - Aguadilla,Routine,109,29.8,8.21,
27-Aug-2018,RW-16,Balneario Crash Boat,18.4576667,-67.1637778,Route 5: Añasco - Aguadilla,Routine,85,29.9,8.21,
28-Aug-2018,RW-38,Muelle de Arecibo,18.4792583,-66.7004667,Route: 6: Arecibo – Vega Alta ,Routine,<10,28.9,8.08,
28-Aug-2018,RW-39,Mar Chiquita,18.4729167,-66.4856556,Route: 6: Arecibo – Vega Alta ,Routine,10,29.0,8.22,
28-Aug-2018,RW-23,Balneario de Puerto Nuevo,18.4913667,-66.3990444,Route: 6: Arecibo – Vega Alta ,Routine,<10,28.9,8.23,
28-Aug-2018,RW-17,Balneario Cerro Gordo or Javier Calderón Nieves,18.4812500,-66.3406556,Route: 6: Arecibo – Vega Alta ,Routine,<10,28.8,8.21,
5-Sep-2018,RW-16,Balneario Crash Boat,18.4576667,-67.1637778,Route 5: Añasco - Aguadilla,Re-sampling,75,29.3,Re-sampling,
5-Sep-2018,RW-22,Pico de Piedra,18.3843639,-67.2129889,Route 5: Añasco - Aguadilla,Re-sampling,"1,726",29.0,Re-sampling,
4-Sep-2018,RW-30,Playa Guayanés,18.0626944,-65.8191944,Route 2: Arroyo - Luquillo,Re-sampling,41,29.5,Re-sampling,
4-Sep-2018,RW-4,Balneario Punta Santiago,18.1584139,-65.7551861,Route 2: Arroyo - Luquillo,Re-sampling,51,28.8,Re-sampling,
4-Sep-2018,RW-31,Tropical Beach,18.1869278,-65.7259667,Route 2: Arroyo - Luquillo,Re-sampling,10,28.9,Re-sampling,
4-Sep-2018,RW-29,Vacía Talega,18.4478583,-65.9062306,Route 1: Dorado - Loíza,Re-sampling,<10,30.0,Re-sampling,
4-Sep-2018,RW-8,Playa Buyé ,18.0488722,-67.1986250,Route 4: Cabo Rojo,Re-sampling,197,30.1,Re-sampling,
,,,,,,,,,,
,,,,,,,,,,
,,,,,,,,,,
,,,,,,,,,,
,,,,,,,,,,
,,,,,,,,,,
,,,,,,,,,,
,,,,,,,,,,
,,,,,,,,,,
,,,,,,,,,,
,,,,,,,,,,
,,,,,,,,,,
,,,,,,,,,,
,,,,,,,,,,
,,,,,,,,,,
,,,,,,,,,,
,,,,,,,,,,
,,,,,,,,,,
,,,,,,,,,,
,,,,,,,,,,
,,,,,,,,,,
,,,,,,,,,,
,,,,,,,,,,
,,,,,,,,,,
,,,,,,,,,,
,,,,,,,,,,
,,,,,,,,,,
,,,,,,,,,,
,,,,,,,,,,
,,,,,,,,,,
,,,,,,,,,,
,,,,,,,,,,
,,,,,,,,,,
,,,,,,,,,,
,,,,,,,,,,
,,,,,,,,,,
,,,,,,,,,,
,,,,,,,,,,
,,,,,,,,,,
,,,,,,,,,,
,,,,,,,,,,
,,,,,,,,,,
,,,,,,,,,,
,,,,,,,,,,
,,,,,,,,,,
,,,,,,,,,,
,,,,,,,,,,
,,,,,,,,,,
,,,,,,,,,,
,,,,,,,,,,
,,,,,,,,,,
,,,,,,,,,,
,,,,,,,,,,
,,,,,,,,,,
,,,,,,,,,,
,,,,,,,,,,
,,,,,,,,,,
,,,,,,,,,,
,,,,,,,,,,
,,,,,,,,,,
,,,,,,,,,,
,,,,,,,,,,
,,,,,,,,,,
,,,,,,,,,,
,,,,,,,,,,
,,,,,,,,,,
,,,,,,,,,,
,,,,,,,,,,
,,,,,,,,,,
,,,,,,,,,,
,,,,,,,,,,
,,,,,,,,,,
,,,,,,,,,,
,,,,,,,,,,
,,,,,,,,,,
,,,,,,,,,,
,,,,,,,,,,
,,,,,,,,,,
,,,,,,,,,,
,,,,,,,,,,
,,,,,,,,,,
,,,,,,,,,,
,,,,,,,,,,
,,,,,,,,,,
,,,,,,,,,,
,,,,,,,,,,
,,,,,,,,,,
,,,,,,,,,,
,,,,,,,,,,
,,,,,,,,,,
,,,,,,,,,,
,,,,,,,,,,
,,,,,,,,,,
,,,,,,,,,,
,,,,,,,,,,
,,,,,,,,,,
,,,,,,,,,,
,,,,,,,,,,
,,,,,,,,,,
,,,,,,,,,,
,,,,,,,,,,
,,,,,,,,,,
,,,,,,,,,,
,,,,,,,,,,
,,,,,,,,,,
,,,,,,,,,,
,,,,,,,,,,
,,,,,,,,,,
,,,,,,,,,,
,,,,,,,,,,
,,,,,,,,,,
,,,,,,,,,,
,,,,,,,,,,
,,,,,,,,,,
,,,,,,,,,,
,,,,,,,,,,
,,,,,,,,,,
,,,,,,,,,,
,,,,,,,,,,
,,,,,,,,,,
,,,,,,,,,,
,,,,,,,,,,
,,,,,,,,,,
,,,,,,,,,,
,,,,,,,,,,
,,,,,,,,,,
,,,,,,,,,,
,,,,,,,,,,
,,,,,,,,,,
,,,,,,,,,,
,,,,,,,,,,
,,,,,,,,,,
,,,,,,,,,,
,,,,,,,,,,
,,,,,,,,,,
,,,,,,,,,,
,,,,,,,,,,
,,,,,,,,,,
,,,,,,,,,,
,,,,,,,,,,
,,,,,,,,,,
,,,,,,,,,,
,,,,,,,,,,
,,,,,,,,,,
,,,,,,,,,,
,,,,,,,,,,
,,,,,,,,,,
,,,,,,,,,,
,,,,,,,,,,
,,,,,,,,,,
,,,,,,,,,,
,,,,,,,,,,
,,,,,,,,,,
,,,,,,,,,,
,,,,,,,,,,
,,,,,,,,,,
,,,,,,,,,,
,,,,,,,,,,
,,,,,,,,,,
,,,,,,,,,,
,,,,,,,,,,
,,,,,,,,,,
,,,,,,,,,,
,,,,,,,,,,
,,,,,,,,,,
,,,,,,,,,,
,,,,,,,,,,
,,,,,,,,,,
,,,,,,,,,,
,,,,,,,,,,
,,,,,,,,,,
,,,,,,,,,,
,,,,,,,,,,
,,,,,,,,,,
,,,,,,,,,,
,,,,,,,,,,
,,,,,,,,,,
,,,,,,,,,,
,,,,,,,,,,
,,,,,,,,,,
,,,,,,,,,,
,,,,,,,,,,
,,,,,,,,,,
,,,,,,,,,,
,,,,,,,,,,
,,,,,,,,,,
,,,,,,,,,,
,,,,,,,,,,
,,,,,,,,,,
,,,,,,,,,,
,,,,,,,,,,
,,,,,,,,,,
,,,,,,,,,,
,,,,,,,,,,
,,,,,,,,,,
,,,,,,,,,,
,,,,,,,,,,
,,,,,,,,,,
,,,,,,,,,,
,,,,,,,,,,
,,,,,,,,,,
,,,,,,,,,,
,,,,,,,,,,
,,,,,,,,,,
,,,,,,,,,,
,,,,,,,,,,
,,,,,,,,,,
,,,,,,,,,,
,,,,,,,,,,
,,,,,,,,,,
,,,,,,,,,,
,,,,,,,,,,
,,,,,,,,,,
,,,,,,,,,,
,,,,,,,,,,
,,,,,,,,,,
,,,,,,,,,,
,,,,,,,,,,
,,,,,,,,,,
,,,,,,,,,,
,,,,,,,,,,
,,,,,,,,,,
,,,,,,,,,,
,,,,,,,,,,
,,,,,,,,,,
,,,,,,,,,,
,,,,,,,,,,
,,,,,,,,,,
,,,,,,,,,,
,,,,,,,,,,
,,,,,,,,,,
,,,,,,,,,,
,,,,,,,,,,
,,,,,,,,,,
,,,,,,,,,,
,,,,,,,,,,
,,,,,,,,,,
,,,,,,,,,,
,,,,,,,,,,
,,,,,,,,,,
,,,,,,,,,,
,,,,,,,,,,
,,,,,,,,,,
,,,,,,,,,,
,,,,,,,,,,
,,,,,,,,,,
,,,,,,,,,,
,,,,,,,,,,
,,,,,,,,,,
,,,,,,,,,,
,,,,,,,,,,
,,,,,,,,,,
,,,,,,,,,,
,,,,,,,,,,
,,,,,,,,,,
,,,,,,,,,,
,,,,,,,,,,
,,,,,,,,,,
,,,,,,,,,,
,,,,,,,,,,
,,,,,,,,,,
,,,,,,,,,,
,,,,,,,,,,
,,,,,,,,,,
,,,,,,,,,,
,,,,,,,,,,
,,,,,,,,,,
,,,,,,,,,,
,,,,,,,,,,
,,,,,,,,,,
,,,,,,,,,,
,,,,,,,,,,
,,,,,,,,,,
,,,,,,,,,,
,,,,,,,,,,
,,,,,,,,,,
,,,,,,,,,,
,,,,,,,,,,
,,,,,,,,,,
,,,,,,,,,,
,,,,,,,,,,
,,,,,,,,,,
,,,,,,,,,,
,,,,,,,,,,
,,,,,,,,,,
,,,,,,,,,,
,,,,,,,,,,
,,,,,,,,,,
,,,,,,,,,,
,,,,,,,,,,
,,,,,,,,,,
,,,,,,,,,,
,,,,,,,,,,
,,,,,,,,,,
,,,,,,,,,,
,,,,,,,,,,
,,,,,,,,,,
,,,,,,,,,,
,,,,,,,,,,
,,,,,,,,,,
,,,,,,,,,,
,,,,,,,,,,
,,,,,,,,,,
,,,,,,,,,,
,,,,,,,,,,
,,,,,,,,,,
,,,,,,,,,,
,,,,,,,,,,
,,,,,,,,,,
,,,,,,,,,,
,,,,,,,,,,
,,,,,,,,,,
,,,,,,,,,,
,,,,,,,,,,
,,,,,,,,,,
,,,,,,,,,,
,,,,,,,,,,
,,,,,,,,,,
,,,,,,,,,,
,,,,,,,,,,
,,,,,,,,,,
,,,,,,,,,,
,,,,,,,,,,
,,,,,,,,,,
,,,,,,,,,,
,,,,,,,,,,
,,,,,,,,,,
,,,,,,,,,,
,,,,,,,,,,
,,,,,,,,,,
,,,,,,,,,,
,,,,,,,,,,
,,,,,,,,,,
,,,,,,,,,,
