Username,Profile name,Bio,Profile picture,URL,Name,LastName,Location,Website,Following,Followers,Tweets,Verified,City,Country,Linkedin
@_ritacosta_,Rita Costa,Data Journalist @publico | Searching for innovative ways to communicate news stories | Sometimes I dream about numbers  | R + Python beginner,https://pbs.twimg.com/profile_images/890605616896647168/Fx9tnCTT_normal.jpg,https://twitter.com/_ritacosta_,Rita,Costa,,undefined,1256,313,386,no,Lisboa,Portugal,
@_SandraSM_,Sandra Sánchez,Periodismo | Datos | Marketing Digital. Especializada en SEO/SEM.,https://pbs.twimg.com/profile_images/1016988527362535424/fhd0a29v_normal.jpg,https://twitter.com/_SandraSM_,Sandra,Sánchez,Madrid,https://t.co/gbAhWM45TF,790,1128,"15,3 ",no,Madrid,Spain,
@_Yosune,Yosune,#infoDesign #Datavis @pajaropolitico #MatarEnMéxico @NarcoData #LaEstafaMaestra #EmpresasFantasma #Trendlecciones. @IIIDtweet World Regional Representative MX,https://pbs.twimg.com/profile_images/878328338103713797/NuQqu6d8_normal.jpg,https://twitter.com/_Yosune,Yosune,Yosune,Mexico,undefined,780,1537,4036,no,Mexico,Mexico,
@91_pometti,Mara Pometti,"Data Journalist. Co-author “Comunicare con i Dati”. From Milan, living in Los Angeles @uscannenberg alumna - Formerly @accuratstudio -",https://pbs.twimg.com/profile_images/983595468499255296/Ytra20Dh_normal.jpg,https://twitter.com/91_pometti,Mara,Pometti,"Los Angeles, CA",https://t.co/t1Qj2OYLY6,1780,430,769,no,Los Angeles,USA,
@aghniaadzkia,Aghnia Adzkia,Data journalist at @BeritagarID | Graduate of @GoldsmithsMADJ in London | organiser of a free monthly data perks meet up @Journocoders_id,https://pbs.twimg.com/profile_images/890283590981910528/NWAvHlBY_normal.jpg,https://twitter.com/aghniaadzkia,Aghnia,Adzkia,"Jakarta, Indonesia",undefined,1252,2275,11700,no,Jakarta,Indonesia,
@aguspr89,Agus tinA,"Periodista, ex @laverdad_es Ali @sextaNoticias - #ddj y #transparencia en @M_investigacion - Chocolate junkie",https://pbs.twimg.com/profile_images/808726352304214021/bDxA9tKl_normal.jpg,https://twitter.com/aguspr89,Agus,tinA,Spain,undefined,1088,282,489,no,Madrid,Spain,
@ajmnoble,Anna Noble,Tableau & Alteryx Consultant @infolabUK  @dataschooluk |  Journalist & Editor @prisonsunlocked,https://pbs.twimg.com/profile_images/650574695121723392/WRn-aLjE_normal.jpg,https://twitter.com/ajmnoble,Anna,Noble,,https://t.co/obBxS1wIu7,1107,713,1697,no,,,
@alekswis,Aleksandra Wisniewska,Visual Projects Editor @FinancialTimes | aleks.wisniewska@ft.com,https://pbs.twimg.com/profile_images/746097136647946240/t3m3yPGh_normal.jpg,https://twitter.com/alekswis,Aleksandra,Wisniewska,London,https://t.co/QpO2mn8RGl,2411,2973,5820,Cuenta verificada,London,UK,
@AlePadillaRmz,Alejandra Padilla,"Periodismo + datos | Data Journalism   Escribo en @SerendipiaData  Primeros pasos en @SinEmbargoMX   Colabs en @MT_enMEXICO alejandra@serendipia.digital",https://pbs.twimg.com/profile_images/948779586057326592/KmTGVNGs_normal.jpg,https://twitter.com/AlePadillaRmz,Alejandra,Padilla,Mx,https://t.co/thqhDoXWyr,2300,1767,16900,no,Mexico,Mexico,
@alli_shultes92,Alli Shultes,Outreach producer @BBC_News_Labs. Formerly @AJListeningPost & @GoldsmithsMADJ. Views all my own.,https://pbs.twimg.com/profile_images/654055707772362752/symN-1-B_normal.jpg,https://twitter.com/alli_shultes92,Alli,Shultes,"London, England",undefined,1042,636,1123,no,London,UK,
@Ana_Cordobes,Ana Isabel Cordobés,Periodista de datos. Dirigiendo @cuartopoder y dateando en @Los40. Enseño Narración Digital en @UNIRuniversidad. Contacto: anaicordobes@gmail.com,https://pbs.twimg.com/profile_images/1017182118345134080/lz_wN55Y_normal.jpg,https://twitter.com/Ana_Cordobes,Ana Isabel,Cordobés,Pamplona/Iruñea,https://t.co/8Wq3NXlQJM,771,2283,43900,no,Pamplona,Spain,
@anagomezparra,Ana Gómez Parra,"Periodista. Vivo al revés. Fines de semana en @elconfidencial.
 @M_Investigacion #DDJ",https://pbs.twimg.com/profile_images/536860728599117824/f2NXBKN7_normal.jpeg,https://twitter.com/anagomezparra,Ana,Gómez Parra,Madrid,undefined,1361,382,156,no,Madrid,Spain,
@AnaOrdaz_,Ana Ordaz,Periodista. Ahora aprendiendo y haciendo cosas con datos en @eldiarioes. De la cantera de @M_Investigacion. Siempre tengo los pies fríos.,https://pbs.twimg.com/profile_images/981492125408944133/X-YECKvC_normal.jpg,https://twitter.com/AnaOrdaz_,Ana,Ordaz,Madrid | Sevilla,https://t.co/vgfVOJjiAE,1031,733,3304,no,Madrid,Spain,
@anastasiajourno,Anastasia Valeeva,"Co-founder at School of Data Kyrgyzstan,Data Journalism Lecturer at AUCA, Data editor & trainer",https://pbs.twimg.com/profile_images/937004147081203715/DwpVCm0b_normal.jpg,https://twitter.com/anastasiajourno,Anastasia,Valeeva,Kyrgyzstan,https://t.co/zw9wrtjNPZ,835,564,531,no,No data,Kyrgyzstan,
@AnnieGouk,Annie Gouk,Data journalist at the Trinity Mirror data unit,https://pbs.twimg.com/profile_images/966691846939389952/xLe_LSro_normal.jpg,https://twitter.com/AnnieGouk,Annie,Gouk,UK,undefined,139,301,309,no,London,UK,
@arago_la,Laura Aragó,Periodista especialitzada en #periodismodatos #ddj | Made in @M_Investigacion | Journalist at @LaVanguardia,https://pbs.twimg.com/profile_images/984020429819056134/h3ywtwop_normal.jpg,https://twitter.com/arago_la,Laura,Aragó,Entre Barcelona i Madrid,https://t.co/wqJHuoWtFk,600,751,265,no,Barcelona,Spain,
@arancruzmar,Aránzazu Cruz,Computer Engineer and Journalist. Digital communication. I like data.,falta foto,https://twitter.com/arancruzmar,Aránzazu,Cruz,Madrid,https://t.co/bo2sGUEV8M,737,806,5475,no,Madrid,Spain,
@aranhera,Aranzazú Ayala Mtz,"Latina, raver, chofer, periodista en formación. Reportera en @ladobemx, colaboradora en @mongabayLatam",https://pbs.twimg.com/profile_images/909528113004077056/p3BaWvy8_normal.jpg,https://twitter.com/aranhera,Aranzazú,Ayala Mtz,Latinoamérica,http://t.co/mVmXWbD5Ef,996,2026,29600,no,Mexico,Mexico,
@ArysArismendi,Arysbell Arismendi,Periodista venezolana residenciada en El Salvador. Escribo para @_elfaro_. Equipo @Vendata_org. RT no significa estar de acuerdo.,https://pbs.twimg.com/profile_images/985698386862014464/RAV7w1fZ_normal.jpg,https://twitter.com/ArysArismendi,Arysbell,Arismendi,"San Salvador, El Salvador",https://t.co/9lYUmNeHGH,1278,2527,12600,no,San Salvador,El Salvador,
@Bahareh360,Dr Bahareh Heravi,Information Scientist & Data Journalist | @UCD_iSchool Asst Professor | Formerly @Insight_Centre @IrishTimes | Founder @HacksHackersDub | Co-chair @datajconf,https://pbs.twimg.com/profile_images/995263911678095361/Fzz96BPJ_normal.jpg,https://twitter.com/Bahareh360,Dr Bahareh,Heravi,Dublin,https://t.co/9RQf5V2oia,2388,2288,5563,Cuenta verificada,Dublin,Ireland,
@baliborio,Bárbara Libório,"Investigative data journalist made in @M_Investigacion. Deputy editor at @CanalMeio and @aosfatos. Creator of @elasnacamara. Before: @RevistaISTOE, @ig, @folha.",https://pbs.twimg.com/profile_images/1001942281816084481/JEA_TC3Z_normal.jpg,https://twitter.com/baliborio,Bárbara,Libório,"São Paulo, Brasil",https://t.co/WoHRSdxRMM,1136,1380,529,no,Sao Paulo,Brasil,
@barbaramaseda,Barbara Maseda,Journalist. (Text) data enthusiast. Fellow @JSKStanford / Alum @BCUMedia #ddj #textdata #textmining PGP http://bit.ly/MyPGP_Key,https://pbs.twimg.com/profile_images/747047122311208960/yolrYEtO_normal.jpg,https://twitter.com/barbaramaseda,Barbara,Maseda,"Palo Alto, CA",https://t.co/85imqN9d6a,1451,1112,2067,no,Palo Alto,USA,
@bbbcccnnn,à,"#journalism, #data & bread. Freelance journalist @D15info @cuinacat @tromboinfo @LaVanguardia @elpaissemanal @beteve #ddj   http://senectute.net",https://pbs.twimg.com/profile_images/972087406760472578/p81ocPv7_normal.jpg,https://twitter.com/bbbcccnnn,à,,,https://t.co/p06sadmmEh,893,617,72900,no,,,
@bbelmontea,Be.,Periodista. Datos. bbelmontea@gmail.com,https://pbs.twimg.com/profile_images/896394091432423424/45rjmbCq_normal.jpg,https://twitter.com/bbelmontea,Be.,Be.,Madrid,undefined,127,33,34,no,Madrid,Spain,
@beaglvz,Beatriz Gálvez,Periodista/Journalist. Intrigada a la #ciencia. Aficionada a la #náutica. Fascinada por la gente y sus historias. Descubriendo #DATA con el máster @UNIR,https://pbs.twimg.com/profile_images/727607808615690240/07zWx90n_normal.jpg,https://twitter.com/beaglvz,Beatriz,Gálvez,Barcelona,https://t.co/XJcgUZUhzj,1980,748,1843,no,Barcelona,Spain,
@belenpicazo,Belén Picazo,"Entre dos explicaciones, elige la más clara. Entre dos formas, la más elemental. Diseño, periodismo de datos y visualización en @eldiarioes",https://pbs.twimg.com/profile_images/725316166076502017/ctorLV98_normal.jpg,https://twitter.com/belenpicazo,Belén,Picazo,Madrid,http://t.co/srxIfk2y33,1857,1662,2311,no,Madrid,Spain,
@C_AguilarGarcia,Carmen Aguilar,Periodista. Ahora en #DDJ /Journalist. Now immersing in #DDJ @BCUMedia,https://pbs.twimg.com/profile_images/989588955376037888/bOy3ja6W_normal.jpg,https://twitter.com/C_AguilarGarcia,Carmen,Aguilar,"Birmingham, England",https://t.co/PWEaLtVVfy,1318,744,1011,no,Birmingham,UK,
@cabralens,Mar Cabra,"Periodista de investigación & datos #ddj Amante #transparencia Miembro @ICIJorg Premios Pulitzer 2017, APM 2012+2016. Interesada en el cambio (estructural)",https://pbs.twimg.com/profile_images/991086035537973253/vgn6I1X9_normal.jpg,https://twitter.com/cabralens,Mar,Cabra,Madrid & beyond,https://t.co/4zMtUzH1Dl,2942,18600,5689,Cuenta verificada,Madrid,Spain,
@caelainnbarr,Caelainn Barr,Data projects editor at the @guardian,https://pbs.twimg.com/profile_images/985162155673743360/jC6ON7LN_normal.jpg,https://twitter.com/caelainnbarr,Caelainn,Barr,London,https://t.co/eePXZ0PXhF,1186,2284,1244,no,London,UK,
@carla_astudi,Carla Astudillo,"data wrangler, journalist/coder & graphics maker for @njdotcom & @starledger. Let me know of interesting New Jersey datasets, especially if they're OPRA-able.",https://pbs.twimg.com/profile_images/950587131348574208/S3DWGgYI_normal.jpg,https://twitter.com/carla_astudi,Carla,Astudillo,"Jersey City, NJ",https://t.co/2B9M9I3eRW,2493,2264,10300,Cuenta verificada,Jersey City,USA,
@Carlapedret,Carla Pedret,Data and multimedia journalist at @CatalunyaRadio. Former @324cat. Co-founder of @HacksHackersBcn. MA Online Journalism @bcumedia,https://pbs.twimg.com/profile_images/825077755427446784/GcXe5jbe_normal.jpg,https://twitter.com/Carlapedret,Carla,Pedret,Barcelona,https://t.co/psvP9mosmr,1053,1364,5270,no,Barcelona,Spain,
@CatherineDevin1,Catherine Devine,Journalist @Independent_ie | Reporter and Data Journalist @News21 | Email: cdevine@independent.ie,https://pbs.twimg.com/profile_images/989409086272868352/N5rucIkY_normal.jpg,https://twitter.com/CatherineDevin1,Catherine,Devine,"Dublin City, Ireland",https://t.co/f5UQr6exPj,681,666,583,Cuenta verificada,Dublin,Ireland,
@ccandidop,Cristina Cándido,"Periodismo & Datos  Redactora de Mercados en @elEconomistaEs, canterana de @hoyextremadura. Autora de 'Lobby por la transparencia' cristinacandido.es",https://pbs.twimg.com/profile_images/1936278066/cris_normal.jpg,https://twitter.com/ccandidop,Cristina,Cándido,,https://t.co/CnM3X87rIx,558,760,3827,no,,,
@ceciliadolago,Cecília do Lago,Repórter no @estadaodados  #jornalismodedados #ddj,https://pbs.twimg.com/profile_images/969414203302924289/4xtD_Zg3_normal.jpg,https://twitter.com/ceciliadolago,Cecília,do Lago,"Sao Paulo, Brazil",https://t.co/L4uuPhI1yZ,488,449,1197,Cuenta verificada,Sao Paulo,Brasil,
@cguibourg,Clara Guibourg,Senior data journalist @BBCNews. Formerly @GoogleNewsLab and #Interhacktives. Basically clueing. Clueing for looks.,https://pbs.twimg.com/profile_images/511855719927533570/XWVKO2Wd_normal.jpeg,https://twitter.com/cguibourg,Clara,Guibourg,London,undefined,710,1097,2975,Cuenta verificada,London,UK,
@ChElm,Christina Elmer,"Head of @SPIEGEL_Data and part of the editorial board @SPIEGELONLINE | Board member @nrecherche, German Association of Investigative Journalists",https://pbs.twimg.com/profile_images/905176396300988416/Vy1TaT6U_normal.jpg,https://twitter.com/ChElm,Christina,Elmer,Hamburg,https://t.co/mbAijzvfe5,1254,5317,5085,no,Hamburg,Germany,
@ChloeWhiteaker,Chloe Whiteaker,Visual journalist and data junkie @BBGVisualData @business. Tar Heel. In my free time I build things other than graphics & blog about it @lilhousebigcity,https://pbs.twimg.com/profile_images/796818585024864257/mg1gSmvz_normal.jpg,https://twitter.com/ChloeWhiteaker,Chloe,Whiteaker,Washington D.C.,https://t.co/3UemxXItgz,618,1352,2421,Cuenta verificada,Washington DC,USA,
@chrisjeavans,Christine Jeavans,"Senior data journalist @BBCNews, mum of 2, runner. Wrangling stats, making maps, charts & interactives @bbcnewsgraphics",https://pbs.twimg.com/profile_images/968940406913331201/iwOp5y1B_normal.jpg,https://twitter.com/chrisjeavans,Christine,Jeavans,London,https://t.co/vBzl7LNCCQ,1909,1225,6145,no,London,UK,
@clairemilleruk,Claire Miller,"Deputy head of data journalism at Reach, maths geek, feminist. Book - Getting Started with Data Journalism: https://leanpub.com/datajournalism/",https://pbs.twimg.com/profile_images/816226575276503040/qqISINiY_normal.jpg,https://twitter.com/clairemilleruk,Claire,Miller,Cardiff,https://t.co/YNNsmpocjH,1134,2781,13200,Cuenta verificada,Cardiff,UK,
@claudibaez,Claudia Báez,Co-founder @cuestion_p  I Investigative data journalist I ProPublica/ICFJ Fellow 2016 I @ElPoder_Elegir PGP: 197361,https://pbs.twimg.com/profile_images/905900501333663744/SaBLpS9W_normal.jpg,https://twitter.com/claudibaez,Claudia,Báez,,https://t.co/sZUeHVf0LQ,3300,1359,5983,no,,,
@clauocaranza,Claudia Ocaranza,Periodista. #Investigación & #ddj. La Messi de las preguntas. Máster en @M_Investigacion. México.,https://pbs.twimg.com/profile_images/740684796750368768/pWON8Cym_normal.jpg,https://twitter.com/clauocaranza,Claudia,Ocaranza,,undefined,1086,839,5419,no,,,
@colmanromi,Romina Colman,Periodista en @LNData.Lic.Cs.de la Comunicación (UBA). Fellow @OEA_oficial en Gobierno Abierto 2016. Profesora en @UCAPeriodismo. Co-founder de @GIGAbierto,https://pbs.twimg.com/profile_images/941066849260920833/HOkss3Qa_normal.jpg,https://twitter.com/colmanromi,Romina,Colman,Argentina,undefined,2596,3356,15900,no,Buenos Aires,Argentina,
@conchacatalan,Concha Catalan,Journalist+English teacher. Innovation and Human Rights @ihrworld #database #SCW #datajournalism. Seize the day. Also @opengovcat. Before @BTVdatalab,https://pbs.twimg.com/profile_images/344513261573444465/654c6908a57de366e89df8da60e533b9_normal.png,https://twitter.com/conchacatalan,Concha,Catalan,Europe,https://t.co/ajETETj0Z4,1777,1092,12 ,no,Barcelona,Spain,
@congosto,Mariluz Congosto,investigando desde la uc3m en la propagación de mensajes y la caracterización de usuarios en Twitter. Mis experimentos en http://t-hoarder.com,https://pbs.twimg.com/profile_images/728984748677341184/a42Pkbh3_normal.jpg,https://twitter.com/congosto,Mariluz,Congosto,Madrid,http://t.co/ELSb5fyD54,4880,8515,19400,no,Madrid,Spain,
@CrinaBoros,Crina Boros,#Investigative reporter |Data + FOI| @investigate_eu |@openDemocracy| Paul Foot Award finalist 2017 |DJA 2015| 9F51 D539 72BE AF58 C041 1B09 EF18 97AB AB1B 56F6,https://pbs.twimg.com/profile_images/862368253796122628/_H3-BwWS_normal.jpg,https://twitter.com/CrinaBoros,Crina,Boros,London,https://t.co/e6kteKC6LB,2588,1397,3658,no,London,UK,
@crisodisy,Cristina Ramon,"Periodista. Data, coding, economía, R, python, caos...",https://pbs.twimg.com/profile_images/378800000210104133/a3420c9a02402dde3d09a1e41f1688e5_normal.jpeg,https://twitter.com/crisodisy,Cristina,Ramon,Barcelona,http://t.co/Si8pLPEB7e,631,743,5716,no,Barcelona,Spain,
@cristinaags,Cristina Graell,"Periodista visual. Infografía, fotografía, columnismo y reporterismo. Sí a las nuevas aventuras.",https://pbs.twimg.com/profile_images/588633260386746368/eQwyUXbT_normal.jpg,https://twitter.com/cristinaags,Cristina,Graell,Barcelona,https://t.co/v6wNKYCe59,584,450,2335,no,Barcelona,Spain,
@CristinaSuarezv,Cristina Suárez,Periodista. Antes en @opiniondezamora. Aprendí en @M_Investigacion y ahora lo sigo haciendo en @elconfidencial. #ddj,https://pbs.twimg.com/profile_images/984086678469005312/XN-zvWB5_normal.jpg,https://twitter.com/CristinaSuarezv,Cristina,Suárez,Zamora-Madrid-(Londres),undefined,443,162,514,no,Zamora,Spain,
@danielaaguilard,Daniela Aguilar,Periodista. Interesada en Investigación y Datos gracias a @M_Investigacion. Con la mirada puesta en @lahistoriaec. Nodo de @connectasorg en Ecuador,https://pbs.twimg.com/profile_images/950773904515256320/zOckXqWm_normal.jpg,https://twitter.com/danielaaguilard,Daniela,Aguilar,Guayaquil,undefined,351,872,3162,no,Guayaquil,,
@danygm87,Daniela Guazo,Datajournalist at @Univ_Data #dataviz #data #journalist Buscando historias en los datos,https://pbs.twimg.com/profile_images/896933230095597574/Umk1g4I8_normal.jpg,https://twitter.com/danygm87,Daniela,Guazo,México Distrito Federal,undefined,1834,1115,8603,no,México Distrito Federal,Mexico,
@daten_drang,Kira Schacht,"Volontärin bei @rbbFernsehen, Datenzeugs bei @journocode",https://pbs.twimg.com/profile_images/888157955056689153/xDciveJc_normal.jpg,https://twitter.com/daten_drang,Kira,Schacht,"Berlin, Germany",https://t.co/dtFXeTaF2c,411,810,600,no,Berlin,Germany,
@datentaeterin,Marie-Louise Timcke,Head of Interactive Team @funkeinteraktiv http://morgenpost.de/interaktiv/  | CEO @journocode | writing my #ddj bachelor thesis @IJ_Online,https://pbs.twimg.com/profile_images/968641896020168706/nJUPNSoH_normal.jpg,https://twitter.com/datentaeterin,Marie-Louise,Timcke,"Berlin, Deutschland",https://t.co/HaG3boSvEi,420,2260,1662,no,Berlin,Germany,
@Deb_Aru,Debora Aru,Data journalist. Italian member of the Reach Data Unit. MA @cityjournalism.  debora.aru@reachplc.com Views are my own http://bit.ly/Debportfolio,https://pbs.twimg.com/profile_images/963090526760300544/6IW9GWz2_normal.jpg,https://twitter.com/Deb_Aru,Debora,Aru,"Cardiff, Wales",https://t.co/7lOm1aNDME,1703,830,757,Cuenta verificada,Cardiff,UK,
@dkxifara,Denise Xifara,"Co-founder of @nupinion, #TechForGood vs Information Asymmetry. #ddj VL @cityjournalism",https://pbs.twimg.com/profile_images/834177453149061120/uV6z0y5j_normal.jpg,https://twitter.com/dkxifara,Denise,Xifara,,https://t.co/dWx7gMliXA,243,235,546,no,,,
@elena_paredes90,Elena Paredes,"Periodista en @EPEconomia, con redes y datos. De Huelva y Badajoz, del Sur. Exalumna de @M_Investigacion.",https://pbs.twimg.com/profile_images/972155658618441728/aHc9c4QV_normal.jpg,https://twitter.com/elena_paredes90,Elena,Paredes,Entre Badajoz y Madrid,https://t.co/mhIMEaSTNd,1132,433,1598,no,Badajoz,Spain,
@ElenaBCastilla,Elena Blanco Castill,"Periodista.
Profesora de Periodismo",https://pbs.twimg.com/profile_images/1891956900/IMG_0046_-_copia_normal.JPG,https://twitter.com/ElenaBCastilla,Elena,Blanco,--,undefined,670,665,1677,no,,,
@elenabrizuela,Elena Brizuela,Owner multitasking en @epxus / Profe de Periodismo Digital y Periodismo de Datos en @cupeduar / Data Journalist,https://pbs.twimg.com/profile_images/637252187031248896/_o8LIgQu_normal.jpg,https://twitter.com/elenabrizuela,Elena,Brizuela,Córdoba,http://t.co/9zsLjk9tHe,1330,2885,4517,no,Córdoba,Spain,
@elenasevillano,Elena Sevillano,"Periodista. Journalist. Escribo en El País. Investigación, datos, transparencia. 
Temas y 'leaks': esevillano@elpais.es",https://pbs.twimg.com/profile_images/881856780992733184/wgWN-Aj5_normal.jpg,https://twitter.com/elenasevillano,Elena,Sevillano,Madrid / Barcelona,https://t.co/gjQkAbYXPy,1507,9936,9836,no,Madrid,Spain,
@eli_vivas,eli vivas,Periodista Co-founder @Storydatabcn | @HacksHackersBCN Aprendo con mis alumnos en @BlanquernaFCRI @datajournalism1 #ddj #opendata,,https://twitter.com/eli_vivas,eli,vivas,Earth,http://www.storydata.cat/,3145,2548,3117,no,Barcelona,Spain,
@elisabetta_tola,elisabetta tola,"Data, tech&science journalist @formicablu @ddjIT @Agenzia_Italia http://seedcontrol.eu/  - http://SEEDversity.org  onair @radio3scienza 
teaching @SissaSchool",https://pbs.twimg.com/profile_images/808665196101300224/xEuS74gr_normal.jpg,https://twitter.com/elisabetta_tola,elisabetta,tola,"Bologna, Emilia Romagna",https://t.co/QSUKSFlfRa,1141,3674,7470,no,Bologna,Italia,
@Emiliadelfino,Emilia Delfino,Periodista Diario PERFIL. Judiciales. Investigación. Miembro de @ICIJorg #InvestigaLavaJato. #ParadisePapers. Co-autora de El hombre del Camión y La Ejecución.,https://pbs.twimg.com/profile_images/941684041048354817/7WOTOMke_normal.jpg,https://twitter.com/Emiliadelfino,Emilia,Delfino,,undefined,668,13100,2487,no,,,
@emilymarieblake,Emily Blake,"Data journalist / Chartistic Director at @nextbigsound/@pandora. words in @billboard, @forbes. stray cat.
http://measured.pandora.com/",https://pbs.twimg.com/profile_images/842551274172121090/Ai7IPlep_normal.jpg,https://twitter.com/emilymarieblake,Emily,Blake,"New York, NY",undefined,1184,1799,797,Cuenta verificada,New York,USA,
@emmayoule,Emma Youle,Investigations journalist at Archant. Winner of the Private Eye Paul Foot Award 2017 and Weekly Reporter of the Year at Regional Press Awards. All views my own.,https://pbs.twimg.com/profile_images/869922328335056897/f0u7q4ps_normal.jpg,https://twitter.com/emmayoule,Emma,Youle,London,https://t.co/fMolVWVdoo,1768,2225,2367,no,London,UK,
@enguraysegul,Ayşegül Engür,Journalist,https://pbs.twimg.com/profile_images/690640721427193856/zSAcKMoJ_normal.jpg,https://twitter.com/enguraysegul,Ayşegül,Engür,İstanbul,undefined,636,237,236,no,İstanbul,Turkey,
@evabelmonte,Eva Belmonte,"Little periodista. Autora de El BOE nuestro de cada día y Españopoly. En @civio, perpetrando El Indultómetro, Quién Manda, Medicamentalia y más cosicas. Cowgirl",https://pbs.twimg.com/profile_images/562655925190668288/s1BO8XKe_normal.jpeg,https://twitter.com/evabelmonte,Eva,Belmonte,Madrid,http://t.co/pAsf7ZVQ8g,807,19200,22900,no,Madrid,Spain,
@EvaConstantaras,Eva Constantaras,"Nomadic data journalist | Investigative trainer w/ teams in Pakistan, Afghanistan, Kenya, Northern Triangle | Past @Internews @GoogleNews @FulbrightPrgrm",https://pbs.twimg.com/profile_images/700324223710011392/awpoH5tY_normal.jpg,https://twitter.com/EvaConstantaras,Eva,Constantaras,GLOBAL,https://t.co/m6EQAGNIVx,2193,2734,3970,no,,,
@fabiolatorres,Fabiola Torres,"@ICFJKnight Fellow, fundadora y editora de http://Ojo-publico.com  y embajadora de http://sembramedia.org  en el Perú.  fabiolatorresperu@gmail.com",https://pbs.twimg.com/profile_images/1005954891888537600/nqlCIjTe_normal.jpg,https://twitter.com/fabiolatorres,Fabiola,Torres,Perú,https://t.co/blMNBwsNod,3456,6479,12700,no,Lima,Peru,
@farnsa,amanda farnsworth,@bbcnews Head of Visual and Data Journalism @bbcnewsgraphics @camartstheatre trustee @westhamunited fan @peterhouse_cam Master's partner,https://pbs.twimg.com/profile_images/2797066847/04a580761693345bd5e86d300190774c_normal.jpeg,https://twitter.com/farnsa,amanda,farnsworth,"London,UK",undefined,2309,2347,9042,no,London,UK,
@fcoel,Flor Coelho,Proud @LNdata member. Open data fan. New Media research & trainer @LANACION. @ONA Intl. @jskstanford fellow 2018-2019 #emojidelmate #NeverStopLearning =),https://pbs.twimg.com/profile_images/481530886522146816/5q27In5E_normal.jpeg,https://twitter.com/fcoel,Flor,Coelho,"Buenos Aires, Argentina",https://t.co/DsmaJfTMVa,5742,11100,50400,Cuenta verificada,Buenos Aires,Argentina,
@florafosset,flora fosset,"responsible journalism, dataviz and design. http://fosset.co",https://pbs.twimg.com/profile_images/787955076384034816/IK5Fi1BF_normal.jpg,https://twitter.com/florafosset,Flora,Fosset,Madrid,http://fosset.co/,316,346,373,no,Madrid,Spain,
@gabymino,Gabriela Miño,"Diario La Nación, integrante del equipo de periodismo de datos en LN DATA",https://pbs.twimg.com/profile_images/907398155028848643/u7nP4Zbu_normal.jpg,https://twitter.com/gabymino,Gabriela,Miño,Argentina,undefined,929,2059,3995,no,Buenos Aires,Argentina,
@gianninasegnini,Giannina Segnini,"Director, Data Journalism Degree at Columbia Journalism School. U2 fan since 1983. PGP key https://goo.gl/33HGJF",https://pbs.twimg.com/profile_images/909430587148111872/2TSsJwT5_normal.jpg,https://twitter.com/gianninasegnini,Giannina,Segnini,"New York, NY",https://t.co/fGfgNBGp83,1161,8243,42,no,New York,USA,
@ginnamorelo,Ginna Morelo,"Un magistrado de la Corte pagó con libros una deuda que tenía con mi padre, sastre. Desde entonces leo para no estar sola y me hice periodista para asegurarme.",https://pbs.twimg.com/profile_images/876941559052283904/EBhTPVFV_normal.jpg,https://twitter.com/ginnamorelo,Ginna,Morelo,Caribe colombiano,https://t.co/Lhyvf3tqO6,1073,6172,12300,no,Caribe,Colombia,
@giseleando,Gisela 9i§e£ænðø,Construir otro mundo es cosa de tortugas y bicis,https://pbs.twimg.com/profile_images/915425049057914880/Z117Sk0m_normal.jpg,https://twitter.com/giseleando,Gisela,9i§e£ænðø,B612,undefined,2891,2730,"70,1 ",no,,,
@GSpitzerWong,Grace Spitzer-Wong,"BBC News Senior Data Journalist | Shared Data Unit - Local News Partnership. Cyclist, allotment digger and freelance photographer. Open DMs. Opinions my own.",https://pbs.twimg.com/profile_images/1017493760652054530/BNlRq7ba_normal.jpg,https://twitter.com/GSpitzerWong,Grace,Spitzer-Wong,"Birmingham, England",undefined,528,617,6870,no,Birmingham,UK,
@hannahdormido,Hannah Dormido,"Data visual journalist, for #Bloomberg in #HongKong. Full-time journo, part-time mermaid. #QGIS sorceress in training. Views are my own.",https://pbs.twimg.com/profile_images/958723379959181312/ANpwTJwu_normal.jpg,https://twitter.com/hannahdormido,Hannah,Dormido,Hong Kong,https://t.co/PjlETW6jt9,2058,1408,8724,Cuenta verificada,Hong Kong,China,
@HelenaBengtsson,Helena Bengtsson,"Editor, Data Journalism at SVT",https://pbs.twimg.com/profile_images/378800000301069470/9cd89825518f6765e6be0e08aae36c57_normal.jpeg,https://twitter.com/HelenaBengtsson,Helena,Bengtsson,Sweden,undefined,418,2458,403,no,Estocolm,Sweden,
@i_catrin,Katerina Stavroula,"Comm/PI Associate @UNHCRGreece | storyteller, journalist | #MigrantsFiles, #GenerationE, #ddj | Human Rights, International Politics | Views my own.",https://pbs.twimg.com/profile_images/532867235669217280/1xFEdZ6v_normal.jpeg,https://twitter.com/i_catrin,Katerina,Stavroula,Athens - Greece,https://t.co/upeV2NJtS2,925,695,687,no,Athens,Greece,
@inaitriago,Andreina Itriago A.,Periodista de @Armandoinfo y corresponsal de @AnadoluAjansi. A veces también publico en @Cronica_ElMundo. Profesora en @lacatolica.,https://pbs.twimg.com/profile_images/903999527824359426/qg8T3MVI_normal.jpg,https://twitter.com/inaitriago,Andreina,Itriago A.,Venezuela,undefined,2085,2095,3995,no,Caracas,Venezuela,
@ingating,Inga Ting,Data journalist at @abcnews; former data journo at @smh. I like to stare at spreadsheets. Profile pic by the brilliant @mkbrangan. Email ting.inga@abc.net.au,https://pbs.twimg.com/profile_images/844049737363865602/ReW7KRGS_normal.jpg,https://twitter.com/ingating,Inga,Ting,"Sydney, Australia",undefined,1103,1799,2938,Cuenta verificada,Sydney,Australia,
@j_la28,Jennifer LaFleur,"@irworkshop Proud @reveal & @propublica alum; #data, #disparities, #disabilities; FOIA, faces, felines (pub key: http://bit.ly/2sgrmqA )",https://pbs.twimg.com/profile_images/1011734354429693953/yMGtsToT_normal.jpg,https://twitter.com/j_la28,Jennifer,LaFleur,"Washington, DC",https://t.co/VS2H6aGSaN,1898,4406,6255,Cuenta verificada,Washington DC,USA,
@JudithClavain,Judith C. Clavain,"Periodista. Cursando Máster en Periodismo de investigación, datos y visualización.",https://pbs.twimg.com/profile_images/989586680343617537/FbQU_eUx_normal.jpg,https://twitter.com/JudithClavain,Judith,C. Clavain,Barcelona,undefined,473,890,15700,no,Barcelona,Spain,
@juruwolfe,Julia Wolfe,"Visual journalist, @FiveThirtyEight. Teacher @cunyjschool. Previously @WSJGraphics, @globeandmail. Say hi: julia.wolfe@fivethirtyeight.com",https://pbs.twimg.com/profile_images/882624158978453505/FFw7XPzS_normal.jpg,https://twitter.com/juruwolfe,Julia,Wolfe,"New York, USA",https://t.co/95JZwIBNkj,1354,4387,8705,Cuenta verificada,New York,USA,
@Kaarinss,Carina Bellver,Periodista immersa en el món de les dades i co-founder de @StorydataBcn,https://pbs.twimg.com/profile_images/1264968829/foto_twitter_normal.JPG,https://twitter.com/Kaarinss,Carina,Bellver,"Vila de Gracia, Barcelona",https://t.co/G5UWa5pPll,534,405,1309,no,Barcelona,Spain,
@KarlArevalo10,Karla Arévalo,Data journalist at El Diario de Hoy.,https://pbs.twimg.com/profile_images/998804516181954560/ATf7vuA1_normal.jpg,https://twitter.com/KarlArevalo10,Karla,Arévalo,"Santa Tecla, El Salvador",undefined,422,497,611,no,Santa Tecla,El Salvador,
@KarrieKehoe,Karrie Kehoe,Data journalist | python fan & investigative reporter | past @thetimes @icijorg @tr_foundation | Rants my own |  Send me data! Karrie.anne.kehoe@gmail.com,https://pbs.twimg.com/profile_images/1003376236343840768/7eJcq7fe_normal.jpg,https://twitter.com/KarrieKehoe,Karrie,Kehoe,London/Dublin,undefined,3718,2528,13100,no,London,UK,
@KatherineERiley,Kat(her)i(n)e Riley,"Google News Fellow at @financialtimes, also @GoldsmithsMADJ. Before: @TheAtlantic @Pi_Media @UCLHistory @TheProspect. Really loves charts. No peanuts please.",https://pbs.twimg.com/profile_images/998896487428833280/xCdco16G_normal.jpg,https://twitter.com/KatherineERiley,Kat(her)i(n)e,Riley,"Chicagoan by birth, Londoner by luck",https://t.co/bzmjfzLUQa,5001,731,4955,no,Chicago,USA,
@KathyPennacchio,Katherine Pennacchio,"Periodista venezolana. Data journalist.  Escribo en @runrunesweb y coordino proyectos de investigación-datos en @ipysvenezuela  
PGP Key http://goo.gl/Oxxre2",https://pbs.twimg.com/profile_images/919343126132723712/niatcDdQ_normal.jpg,https://twitter.com/KathyPennacchio,Katherine,Pennacchio,"Caracas, Venezuela",https://t.co/9lTdL60fIP,1743,5742,"10,8 ",no,Caracas,Venezuela,
@keilacguimaraes,Keila Guimaraes,"Data journalist, @GoogleNewsLab | Published @Bloomberg @qz @BBCBrasil @AJEnglish & others | @ejcnet's 2017 grantee | Former #Interhacktives at @cityunilondon",https://pbs.twimg.com/profile_images/518541520102629376/CiBx6l6f_normal.jpeg,https://twitter.com/keilacguimaraes,Keila,Guimaraes,"Sao Paulo, Brazil",http://t.co/J8jVUy8scp,1021,1453,7348,no,Sao Paulo,Brasil,
@kpeiro,Karma Peiró,"Digital/Data Journalism. Following path of technological innovation, transparency, open data, activism...
Former Editor @naciodigital",https://pbs.twimg.com/profile_images/990873005072048129/7tMgMSZH_normal.jpg,https://twitter.com/kpeiro,Karma,Peiró,Barcelona,https://t.co/1OP1OqUtaE,4125,6452,"12,6 ",no,Barcelona,Spain,
@kvidyak,Vidya Krishnamurthy,"Recovering Washingtonian. #WoodyWoo, @medillschool @pewresearch alum. Now at @Hewlett_Found. I follow politics, media, tech, philanthropy, #ddj.  Tweets my own.",https://pbs.twimg.com/profile_images/3315193077/7ef661e0fee2573581d1248ea456c27f_normal.jpeg,https://twitter.com/kvidyak,Vidya,Krishnamurthy,"Menlo Park, CA",https://t.co/ktRYbfrd36,905,2576,2874,no,Menlo Park,USA,
@LaColo_Marina,Rosario Marina,Periodista en @LANACION. Colorada en todos lados. Antes en el máster @M_investigacion. Ahora en @_El_InterCambio (Guatemala),https://pbs.twimg.com/profile_images/832266280895909888/Kv5qQDPa_normal.jpg,https://twitter.com/LaColo_Marina,Rosario,Marina,"La Plata, Argentina",undefined,734,321,629,no,La Plata,Argentina,
@larevalogross,Lisette Arévalo Gross,Periodista. Pasante editorial @radioambulante. Editora  @GKcityec.  Alumn de @columbiajourn Stabile Center for Investigative Journalism.,https://pbs.twimg.com/profile_images/1015284943193346049/kyhzaGO4_normal.jpg,https://twitter.com/larevalogross,Lisette,Arévalo Gross,"Quito, Ecuador",undefined,2016,959,1686,no,Quito,Ecuador,
@latule,Ana Tudela Flores,"Periodista. Escribí Crisis S.A. Cofundadora de @datadista. Trabajando en #PlayaBurbuja. El libro, aquí: https://tienda.datadista.com/products/playa-burbuja …",https://pbs.twimg.com/profile_images/972223502051921920/ZXzWB7C9_normal.jpg,https://twitter.com/latule,Ana,Tudela Flores,,https://t.co/zyj5oO7TOO,1681,6553,26800,no,,,
@lauraayusobaena,Laura Ayuso,Periodista de investigación y politóloga.,https://pbs.twimg.com/profile_images/619586591212851200/vIBXTweB_normal.jpg,https://twitter.com/lauraayusobaena,Laura,Ayuso,Madrid,https://t.co/iystepy6rz,307,204,362,no,Madrid,Spain,
@Laurapbr,Laura Placer Breijo,"Periodista por la USC, de datos por la UNIR. En La Voz de Galicia me dejan hacer infografías y hablar de Eurovisión.",https://pbs.twimg.com/profile_images/676181582546366465/r0J2eXoe_normal.jpg,https://twitter.com/Laurapbr,Laura,Placer Breijo,,undefined,499,429,6574,no,,,
@LauTeruel,Laura Teruel,"Profesora de Periodismo con compromiso social y conciencia ciudadana. Madre. Política, comunicación, RRSS , feminismo y temas sociales.",https://pbs.twimg.com/profile_images/621066942296813568/1J6BMzPj_normal.jpg,https://twitter.com/LauTeruel,Laura,Teruel,Málaga,https://t.co/J4A7WbVx8d,1082,2142,22900,no,Málaga,Spain,
@lbrufau,Laia Brufau,periodista i fan dels meus minis,https://pbs.twimg.com/profile_images/905698544581046272/nN55gt1g_normal.jpg,https://twitter.com/lbrufau,Laia,Brufau,Barcelona,http//www.storydata.cat,1111,486,1492,no,Barcelona,Spain,
@LeilaHaddou,Leila Haddou,Data Journalism Editor for @thetimes and @thesundaytimes. Formerly investigations @ft and @guardian. Co-organiser @journocoders. Open DMs,https://pbs.twimg.com/profile_images/378800000236019128/c6b92ff05b12891949944fce8fa9b44f_normal.jpeg,https://twitter.com/LeilaHaddou,Leila,Haddou,"Greenwich, London",https://t.co/RvNs9KSOPg,1606,1945,2057,Cuenta verificada,Greenwich,UK,
@leymarta,Marta Ley,Periodista y CAV. Especializada en #datajournalism en el @M_investigacion. Ahora en @elmundodata,https://pbs.twimg.com/profile_images/909915283032330240/Za72KN3r_normal.jpg,https://twitter.com/leymarta,Marta,Ley,Alcalá de Henares. Madrid,https://t.co/ySNwbbTFp2,1274,1326,5860,no,Alcalá de Henares,Spain,
@Leyretxuu,Leyre Pejenaute,"Journalist. Cuenta verificadacuentos. En tránsito, del frío siberiano al calor tropical, rumbo a las Antípodas... de los datos. @93metros más allá.
A ver qué pasa.",https://pbs.twimg.com/profile_images/1232009329/DSCN4082_normal.JPG,https://twitter.com/Leyretxuu,Leyre,Pejenaute,,undefined,758,612,5073,no,,,
@liliasaul,Lilia Saúl Rodríguez,Periodista. Editora en Iniciativa para el Periodismo de Investigación ICFJ/@ConnectasOrg. Integrante d @ChicaPoderosamx y @mxinformate #ddj #periodismodedatos,https://pbs.twimg.com/profile_images/795900918592110592/aulgDFTJ_normal.jpg,https://twitter.com/liliasaul,Lilia,Saúl Rodríguez,Mexico,https://t.co/Jk3cHPvHU1,6227,7533,27 ,no,Mexico,Mexico,
@lisacrost,Lisa Charlotte Rost,"Creating & writing about dataviz for @datawrapper. #visber organizer. Fan of numbers, systems & overviews. I believe in maps, not the territory.",https://pbs.twimg.com/profile_images/659502983072382976/_uJ0dOcK_normal.jpg,https://twitter.com/lisacrost,Lisa,Charlotte Rost,Berlin,https://t.co/jRHcODIl3Q,878,10800,3527,no,Berlin,Germany,
@LisaJonesJourno,Lisa Jones,"Senior data journalist. Love news, cats, stationery, hills and simplifying nonsense.
Email: lisajonesjourno@gmail.com. Views mine.",https://pbs.twimg.com/profile_images/378800000244884851/2699c5e596d2956d69fff1dd88e2d879_normal.jpeg,https://twitter.com/LisaJonesJourno,Lisa,Jones,"Wales, United Kingdom",https://t.co/OpO3WoJoHi,1200,760,3541,no,Wales,UK,
@LMartinezEDH,Lilian A. Martinez,"Salvadoran data journalist. I write about public health, migrants, environment and security. Always learning. #FocusData's editor at @edhnoticias",https://pbs.twimg.com/profile_images/822560527935275010/M11S2pN__normal.jpg,https://twitter.com/LMartinezEDH,Lilian,A. Martinez,"El Salvador, Central America",https://t.co/SIQEg7FY1F,1931,1109,5583,no,San Salvador,El Salvador,
@lmartingrx,Laura Martín,"Periodista. Me obsesionan los datos, las tipografías y las paletas de color. El mundo sería más bonito si nadie usase Comic Sans. Hago cosas en @Eslang.",https://pbs.twimg.com/profile_images/856891196467183617/F301GZms_normal.jpg,https://twitter.com/lmartingrx,Laura,Martín,Granada - Málaga - Madrid,https://t.co/GWYNK4a5oh,274,368,6794,no,Granada,Spain,
@lopezg_patricia,Patricia López,"Periodista. #ComunicaciónDigital. Especializada en #periodismodatos por @M_Investigacion. Antes, en @elespanolcom y @elmundoes.",https://pbs.twimg.com/profile_images/749178545872797696/712SmSol_normal.jpg,https://twitter.com/lopezg_patricia,Patricia,López,Madrid,https://t.co/wBrjjWQxbD,1492,1110,3945,no,Madrid,Spain,
@loremelendez,Lorena Meléndez G.,Periodista en @RunRunesWeb. Coordino el #Hambrómetro y soy parte del equipo @MonitorVictimas | Journalist in Venezuela | lmelendez@runrun.es,https://pbs.twimg.com/profile_images/791054775139831809/AqqfBG6h_normal.jpg,https://twitter.com/loremelendez,Lorena,Meléndez G.,"Caracas, la fallida",https://t.co/rIf9wkpOtp,1671,7363,16800,no,Caracas,Venezuela,
@maiajastre,Maia Jastreblansky,Periodista. Política en @lanacion y @lanacionmas. Data J. Cs de la Comunicación (UBA). La de los #PanamaPapers.,https://pbs.twimg.com/profile_images/1007588475552575488/hteP_MQr_normal.jpg,https://twitter.com/maiajastre,Maia,Jastreblansky,Buenos Aires,https://t.co/tYTMAR5Yle,1819,19200,6424,Cuenta verificada,Buenos Aires,Argentina,
@Maid_Marianne,Marianne Bouchart,Data editor. Founder @HeiDaHQ + @Data_Blog. Manager of #datajournalismawards. Former Bloomberg @business #ddj + graphics + web prod. Speaker. Writer.,https://pbs.twimg.com/profile_images/938832170801606656/DpXJRm20_normal.jpg,https://twitter.com/Maid_Marianne,Marianne,Bouchart,,undefined,3071,2422,3364,no,,,
@malvarezdelvayo,María ÁlvarezdelVayo,Periodista de datos. Del @M_Investigacion aprendiendo en @civio. The future ain't what it used to be.,https://pbs.twimg.com/profile_images/965268886898790402/TGaqEujV_normal.jpg,https://twitter.com/malvarezdelvayo,María,ÁlvarezdelVayo,Madrid/Badajoz,https://t.co/Uv1rBAR2cA,785,381,2993,no,Madrid,Spain,
@maria_zuil,María Zuil,"Periodista intencional. 
Reportajes en @elconfidencial. 
De @P_investigacion",https://pbs.twimg.com/profile_images/947175705586085889/1Mu7Rduv_normal.jpg,https://twitter.com/maria_zuil,María,Zuil,Madrid,https://t.co/liJjp6pTES,1443,2142,3731,no,Madrid,Spain,
@mariallort,Maria Llort,Periodista. Colaboro con @ctxt.Periodisme de dades i #transparencia a @transpapress. Abans a París i Barcelona amb @EFEnoticias i @europapress.,https://pbs.twimg.com/profile_images/720332553060659201/S-NafR44_normal.jpg,https://twitter.com/mariallort,Maria,Llort,Barcelona,undefined,386,118,60,no,Barcelona,Spain,
@marianchaparro,Marian Chaparro,Doctora en Periodismo | Profesora de redacción y transparencia | Directora del máster en periodismo de datos de @UNIRuniversidad,https://pbs.twimg.com/profile_images/887415078701674496/ahKHji7u_normal.jpg,https://twitter.com/marianchaparro,Marian,Chaparro,Madrid,https://t.co/NVFJBn9git,496,1269,4505,no,Madrid,Spain,
@MarianTV,Mariana Trigo Viera,"Subeditora de diseño interactivo en LA NACION, Argentina. Formo parte del equipo de @LNdata. Amante de la cultura nipona.",https://pbs.twimg.com/profile_images/2365178460/45ac0i43pexybezjwq6w_normal.jpeg,https://twitter.com/MarianTV,Mariana,Trigo Viera,"Buenos Aires, Argentina",http://t.co/7M6DSlEyED,369,3896,3260,no,Buenos Aires,Argentina,
@MarieSegger,Marie Segger,"Data & social fellow @TheEconomist. Former @googlenewslab fellow @SPIEGELONLINE, Trinity Mirror & @HuffPostDE intern, all about #ddj, #dataviz & #EUpolitics",https://pbs.twimg.com/profile_images/748608354503753728/TDOT4aEB_normal.jpg,https://twitter.com/MarieSegger,Marie,Segger,"London, England",https://t.co/NVCTYLugv1,1795,1136,1324,no,London,UK,
@marilia_gehrke,Marília Gehrke,"Journalist, researcher, PhD student at UFRGS. Interested in data journalism & good stories.",https://pbs.twimg.com/profile_images/933327348946161664/fgFgRO_e_normal.jpg,https://twitter.com/marilia_gehrke,Marília,Gehrke,"Porto Alegre, Brasil",https://t.co/AlcSZdNFLx,615,461,628,no,Porto Alegre,Brasil,
@marisamagar,María Isabel Magaña,Periodista en @datasketch. Friki formada @M_Investigacion. |Learning to #code like a journalist| #periodismodatos #DDJ #DataViz. Un pie en cada lado del charco.,https://pbs.twimg.com/profile_images/684435932532084737/ANV0YGZu_normal.jpg,https://twitter.com/marisamagar,María Isabel,Magaña,,https://t.co/FuHJJWkMpH,1466,1043,8011,no,,,
@MarjooG,Marjorie Grassler,"Ph.D #datajournalism & #bigdata, Founder of @Datadigma_, developing a passion for #robot #transhumanism #futur",https://pbs.twimg.com/profile_images/837637093606182914/3td1Ou_f_normal.jpg,https://twitter.com/MarjooG,Marjorie,Grassler,Barcelona,https://t.co/EyBCVL7uuE,853,300,932,no,Barcelona,Spain,
@MaryJoWebster,MaryJo Webster,Data journalist. Watchdog. Educator. @StarTribune. PGP=http://bit.ly/2yrXTxh,https://pbs.twimg.com/profile_images/428579568358658049/usgUFTuL_normal.jpeg,https://twitter.com/MaryJoWebster,MaryJo,Webster,"Arden Hills, Minnesota",https://t.co/tlTENOlitY,455,2140,5324,Cuenta verificada,Minessota,USA,
@marysaints,Mariana Santos,CEO @poderosaschicas Stanford @JSK Fellow @KnightFoundation Innovation Chair @FIU @ICFJKnight @guardian swim & surf,https://pbs.twimg.com/profile_images/380526409/mary15_normal.jpg,https://twitter.com/marysaints,Mariana,Santos,"Rio de Janeiro, Brazil",https://t.co/xLIgLaJJ8O,2819,6912,13400,no,Rio de Janeiro,Brasil,
@mcrosasb,Maria Crosas,Journalist • Digital • dataviz • Chatbots · New Technologies · Telegram bot: http://telegram.me/DinfografiaBot  · Articles on @storybench,https://pbs.twimg.com/profile_images/1018430721168433154/FPIvUsmS_normal.jpg,https://twitter.com/mcrosasb,Maria,Crosas,"Barcelona, Spain",https://t.co/Nmhp33206i,2535,1609,5109,no,Barcelona,Spain,
@Megan_Lucero,Megan Lucero,"Director of the @bureaulocal at @TBIJ: meganlucero@tbij.com // Formerly Data Journalism Editor at @thetimes and @thesundaytimes. Views, mine.",https://pbs.twimg.com/profile_images/861974040440958977/wVFxWqRI_normal.jpg,https://twitter.com/Megan_Lucero,Megan,Lucero,"London, UK",https://t.co/eBrlT6L691,1259,4043,3321,Cuenta verificada,London,UK,
@michelleminkoff,Michelle Minkoff,"Data Journalist @AP in Washington, DC. Combining passions for data, journ & tech. Kidney transplant recipient in Dec. 2016 thanks to fellow news nerd @tiffehr.",https://pbs.twimg.com/profile_images/841314742169948160/-Tr7mzNQ_normal.jpg,https://twitter.com/michelleminkoff,Michelle,Minkoff,"Washington, DC",https://t.co/lh6Kj1Z6Db,4066,5677,7984,Cuenta verificada,Washington DC,USA,
@milagsalazar,Milagros Salazar,Directora y fundadora de @ConvocaPE Periodista de investigación especializada en análisis de datos. Mi apuesta: hacer sostenible el periodismo de investigación.,https://pbs.twimg.com/profile_images/506832527416254464/7kVWRUTd_normal.jpeg,https://twitter.com/milagsalazar,Milagros,Salazar,,http://t.co/OYwgYeOGiM,1874,4606,3609,no,,,
@milamila07,Camila Salazar,Data Journalist. Economist. Data trainer. Open data. Fellow 2015 @EscuelaDeDatos @SchoolOfData Docente UCR,https://pbs.twimg.com/profile_images/896954960671236100/Yk5di9Xp_normal.jpg,https://twitter.com/milamila07,Camila,Salazar,"Alajuela, Costa Rica",https://t.co/eoDwcv0kNq,1111,2134,3761,no,Alajuela,Costa Rica,
@milena_iul,Milena,"Tech for human rights campaigns w/ @Amnesty. Leading http://decoders.amnesty.org  
Previously w/ @SchoolOfData, @OKFN & @Anticorruption",https://pbs.twimg.com/profile_images/2685848169/ff7661bb67067a28987586593b107e47_normal.jpeg,https://twitter.com/milena_iul,Milena,,London,undefined,776,1562,1611,no,London,UK,
@milesantana,Jamile Santana,#journalist #datajournalist #g1 #g1mogiesuzano,https://pbs.twimg.com/profile_images/935188879191236608/YR6FgDdl_normal.jpg,https://twitter.com/milesantana,Jamile,Santana,"Mogi das Cruzes, SP",https://t.co/mlQ4Hkw2Hc,644,991,5219,no,Mogi das Cruzes,Brasil,
@MissSarahLeo,Sarah Leo,"Visual data journalist at @TheEconomist & PhD candidate at @uclspp, interested in (counter-)terrorism. London-based Austrian. Views my own.",https://pbs.twimg.com/profile_images/544101583386968064/wPskGjYs_normal.jpeg,https://twitter.com/MissSarahLeo,Sarah,Leo,London,undefined,681,743,7994,no,London,UK,
@montsehid,Montse Hidalgo,To be filled in later.,https://pbs.twimg.com/profile_images/864607841704747008/6S9l0pLR_normal.jpg,https://twitter.com/montsehid,Montse,Hidalgo,,undefined,170,502,183,no,,,
@NaliniLC,NaliniLepetit-Chella,"Journaliste @NewsTankHER passée par @ElMundoData, @elperiodico et @OuestFrance. Formée au #ddj dans le master @M_Investigacion et à l'@IjbaOfficiel. Fan de BD.",https://pbs.twimg.com/profile_images/586853221810987009/ZtnsQh5a_normal.jpg,https://twitter.com/NaliniLC,NaliniLepetit,Chella,Madrid,undefined,2110,345,396,no,Madrid,Spain,
@NataliaMazotte,Natália Mazotte,#ddj #datavis #digitalmethods #access2info  #opendata #gender @escoladedados @okfnbr director @generonumero co-founder. Cooking and board game lover,https://pbs.twimg.com/profile_images/798640298314371074/QoudKm-q_normal.jpg,https://twitter.com/NataliaMazotte,Natália,Mazotte,Brasil,https://t.co/NfjQHmU4Jp,1305,2459,3078,no,Brasilia,Brasil,
@nayaroldan,Nayeli Roldán,"Reportera. Rebelde, crítica, utópica, lectora, franca, ex anti twitter y muy feliz. Todo lo tuiteado es a título personal. (Tips: nroldan@animalpolitico.com)",https://pbs.twimg.com/profile_images/1011284303035142144/KDqNWaAS_normal.jpg,https://twitter.com/nayaroldan,Nayeli,Roldán,Ciudad de México,https://t.co/lFLbyiwr4A,2664,10400,39800,no,Ciudad de México,Mexico,
@nellylun,Nelly Luna Amancio,Editora general - fundadora http://Ojo-publico.com  y @OjoLab Periodista de Investigación #PamamaPapers #Ambiente #Ciencia #ddj #Innovación PGP 0x124511EF,https://pbs.twimg.com/profile_images/979416818786893827/7OYstZ4e_normal.jpg,https://twitter.com/nellylun,Nelly,Luna Amancio,"Lima, Perú",https://t.co/fpdLc5qaky,1858,8431,21200,no,Lima,Peru,
@neusvidal,Neus Vidal,Investigative journalist @93metros Published @thetimes @el_pais. @cityjournalism with @becarioslacaixa. Lecturer @uocuniversity Founder @transpapress #FOIA,https://pbs.twimg.com/profile_images/1004369930840694785/NHtIfm-O_normal.jpg,https://twitter.com/neusvidal,Neus,Vidal,Barcelona via London,https://t.co/3eEO6Kdd4T,848,654,2042,no,Barcelona,Spain,
@niamh,niamh,wha?,https://pbs.twimg.com/profile_images/980321482461999104/cw70wCSv_normal.jpg,https://twitter.com/niamh,niamh,niamh,"Dublin City, Ireland",undefined,705,188,395,no,Dublin,Ireland,
@nuria_gut,Nuria Gutiérrez,"Periodista. 
Me interesa el periodismo de datos",https://pbs.twimg.com/profile_images/529382549080903680/-ZGd2WV__normal.jpeg,https://twitter.com/nuria_gut,Nuria,Gutiérrez,Barcelona,undefined,917,231,638,no,Barcelona,Spain,
@NuriaNogueraQ,NuriaNoguera,Sin bio,https://pbs.twimg.com/profile_images/982166896987422721/0l7PeDLb_normal.jpg,https://twitter.com/NuriaNogueraQ,Nuria,Noguera,Barcelona,https://t.co/bGJskh346c,264,72,167,no,Barcelona,Spain,
@oargueso,Olaya Argüeso,"Data journalist. Coordinator at @M_Investigacion. Before: @La_Ser, @tve_tve, ITX. @ledeprog alumna at @Columbia.",https://pbs.twimg.com/profile_images/1019220737008263168/G8vasLd__normal.jpg,https://twitter.com/oargueso,Olaya,Argüeso,Madrid,https://t.co/10sUUuBq6w,427,616,1146,no,Madrid,Spain,
@olilianayk,Liliana Bounegru,Editor http://DataJournalismHandbook.org  + http://DataDrivenJournalism.net . Data journalism @ejcnet. RMA @uva_amsterdam. Researcher http://emapsproject.com  + http://digitalmethods.net .,https://pbs.twimg.com/profile_images/3232587758/3472c5d13946cb514f0a500d938797ff_normal.jpeg,https://twitter.com/olilianayk,Liliana,Bounegru,United Kingdom,http://t.co/zBZbnO6RTp,887,3380,917,no,London,UK,
@PalomaRuizdPozo,Paloma Ruiz del Pozo,Junior Web Data Analyst en @Accenture  Periodista  Premio Periodismo de Datos @datalabx 2017  Antes @abc_es y @antena3com #DataDrivenJournalism,https://pbs.twimg.com/profile_images/943112292794855424/d99Jffz-_normal.jpg,https://twitter.com/PalomaRuizdPozo,Paloma,Ruiz del,"Krakow, Poland",https://t.co/UdUlGJCU8j,2427,803,16100,no,Krakow,Poland,
@patalgar,Patrícia Álvarez,Periodista. Visualització de dades. Caminant incansable. La vida dóna moltes voltes i les voltes donen molta vida.,https://pbs.twimg.com/profile_images/706853481894776832/OH8Lo-Td_normal.jpg,https://twitter.com/patalgar,Patrícia,Álvarez,Barcelona,https://t.co/1kndw1OXha,942,1020,3204,no,Barcelona,Spain,
@PauGuisado,Paula Guisado,Di un salto de @93metros y aterricé en @elmundoes. Data and investigative journalist made in @M_Investigacion.  #transparencia #ddj PGP: http://bit.ly/2q8MzT8,https://pbs.twimg.com/profile_images/777872179539111936/4FrGDKCg_normal.jpg,https://twitter.com/PauGuisado,Paula,Guisado,,https://t.co/rjyEq3BhYa,1037,3134,7999,no,,,
@Periodistante,Gabriela Villegas,"Reportera del noreste de México en @elnorte de @reforma |  Por ahora en @M_Investigacion en Madrid, España | Tuits personales |",https://pbs.twimg.com/profile_images/962833201008963584/DJhhNyFl_normal.jpg,https://twitter.com/Periodistante,Gabriela,Villegas,"Madrid, Spain",undefined,686,932,10200,no,Madrid,Spain,
@Pilarjlopez,Pilar Lopez,Almeriense en Madrid. Periodista e informática investigando el Periodismo de Datos y la Ley de Transparencia en la UCM.,https://pbs.twimg.com/profile_images/3114055787/bc2481606e47725a9a236e41f23824e9_normal.jpeg,https://twitter.com/Pilarjlopez,Pilar,Lopez,Madrid,https://t.co/HfDsf13Ce8,623,473,1339,no,Madrid,Spain,
@pinardag,Pınar Dağ FirthⓋ,Data/Journalism Lecturer @khasedutr Co-Founder @dagmedyaveri&Researcher @AllianzGI_US #datajournalism #ddj #vg #opendata #dataviz #verigazeteciligi #vegan,https://pbs.twimg.com/profile_images/946615425378471938/T4eKCKVu_normal.jpg,https://twitter.com/pinardag,Pınar,Dağ FirthⓋ,"İstanbu,London,San Francisco",https://t.co/cTMUOHqy4p,3656,4993,21500,no,Istanbul,Turkey,
@PorcelinaD,Pamela Duncan,Data journalist with @GuardianData. Previously Irish Times,https://pbs.twimg.com/profile_images/734067874256584705/r-TmU1cv_normal.jpg,https://twitter.com/PorcelinaD,Pamela,Duncan,London (via Donegal & Dublin),https://t.co/WHX5m7F9nN,2073,2521,789,Cuenta verificada,London,UK,
@pupulchatterjee,Pupul Chatterjee,"#ddj for @bbcbristol @bbcpointswest @bbcrb| Freelance @ITVCentral @transport_net @VictoriaLIVE @brumtransport @birminghammail, Times, Mirror| Ex @IndianExpress",https://pbs.twimg.com/profile_images/378800000060911899/c82313ac8b0aa5aab914543e0a286105_normal.jpeg,https://twitter.com/pupulchatterjee,Pupul,Chatterjee,Bristol and/or Birmingham,https://t.co/CO7OUgOpFN,2224,1094,9373,no,Bristol,UK,
@RBanningLover,Rachel Banning-Lover,Engagement and Communities Editor @FTLifeArts. Previously @GuardianGDP & IJP fellow @tagesspiegel.  Interested in #ddj. Chocolate brownie enthusiast.,https://pbs.twimg.com/profile_images/2809893733/e36d4c4233fd148d3927cf75fa665354_normal.png,https://twitter.com/RBanningLover,Rachel,Banning-Lover,"London, England",https://t.co/tgjYAjE3Bu,1386,1986,2164,Cuenta verificada,London,UK,
@Remrow,Vanessa Wormer,"Head of Data and Digital Investigations @SZ, #PanamaPapers #ParadisePapers team. PGP https://keybase.io/remrow  linked to vanessa.wormer[at]http://sz.de .",https://pbs.twimg.com/profile_images/818107291044089856/3KrswX38_normal.jpg,https://twitter.com/Remrow,Vanessa,Wormer,"Munich, Germany",https://t.co/TUbecA4Ma2,1904,4555,3788,Cuenta verificada,Munich,Germany,
@renata_mh,Renata Hirota,falta bio,https://pbs.twimg.com/profile_images/792885104410562561/VJgiFEpl_normal.jpg,https://twitter.com/renata_mh,Renata,Hirota,,undefined,178,235,2070,no,,,
@SamantaRioseras,Samanta Rioseras,Soy periodista y siempre encuentro el medio para demostrarlo,https://pbs.twimg.com/profile_images/978238075661963264/7HnVhULT_normal.jpg,https://twitter.com/SamantaRioseras,Samanta,Rioseras,,undefined,1047,1054,6062,no,,,
@saniaaziz12,Sania Aziz,"Studying MA Data Journalism at @MyBCU and writing for @bhameastside  Waiting for the next big thing. Reading, writing, eating, and daydreaming.",https://pbs.twimg.com/profile_images/1014081295964626944/Xa4HQoG7_normal.jpg,https://twitter.com/saniaaziz12,Sania,Aziz,"Hyderabad, Dubai, Birmingham",https://t.co/xaKn8tJkLc,162,193,1778,no,Hyderabad,Dubai,
@silviagalilea,Sílvia Galilea,"Apassionada de la comunicació en tots els seus formats, ara a @economieslocals i aprenent noves narratives d'#opendata a @storydatabcn",https://pbs.twimg.com/profile_images/937073333283250176/4gfMh6SN_normal.jpg,https://twitter.com/silviagalilea,Sílvia,Galilea,Barcelona,https://t.co/vXixefT1Ah,39,34,26,no,Barcelona,Spain,
@Sneha_Alexander,Sneha Alexander,Fact Checker & Policy Analyst at BOOM,https://pbs.twimg.com/profile_images/768804479504359424/YikXqjUS_normal.jpg,https://twitter.com/Sneha_Alexander,Sneha,Alexander,"Mumbai, India",https://t.co/xp5zGBZMvk,622,122,558,no,Mumbai,India,
@soloterroba,Andrea Terroba,"Feminist: a person who believes in the social, political and economic equality of the sexes.",https://pbs.twimg.com/profile_images/778229412307271680/c-bXpCMt_normal.jpg,https://twitter.com/soloterroba,Andrea,Terroba,De Logroño a Madrid,https://t.co/64yRrEa9M7,252,143,143,no,Madrid,Spain,
@SophieWarnes,Jules Rimet,"Data Journalist at the Stats Palace. Sends Fair Warning newsletter (http://bit.ly/FWarning ) every Sunday. Loves cats, maps; hates pandas.",https://pbs.twimg.com/profile_images/906952900550807552/wcVgHAas_normal.jpg,https://twitter.com/SophieWarnes,Jules,Rimet,United Kingdom,https://t.co/wGrN182jM7,3183,5340,29900,no,London,,
@spcrucianelli,Sandra Crucianelli,Periodista de datos. Miembro de @ICIJOrg. Knight Fellow de @ICFJ #PanamaPapers y #ParadisePapers Argentina Team. Trainer for @centroknightut & @CFPD_UDGVirtual,https://pbs.twimg.com/profile_images/765630108719845376/BZrYIiO8_normal.jpg,https://twitter.com/spcrucianelli,Sandra,Crucianelli,"Bahía Blanca, Argentina",https://www.icfj.org/news/knight-fellows-create-data-tools-help-journalists-tell-better-stories,2679,32000,18700,no,Bahía Blanca,Argentina,
@Spongenberg,Spongenberg,"journalist, optimist, realist",https://pbs.twimg.com/profile_images/2747606860/d58e3153fd44f2cd9026a2a91b91ca6f_normal.jpeg,https://twitter.com/Spongenberg,Helena,Spongenberg,Barcelona,undefined,673,161,234,no,Barcelona,Spain,
@stefpos,Stefanie Posavec,"Information designer, illustrator, artist. Co-author of @_deardata and #observecollectDRAW! Award-winning grammar pedant. Feminist. Proud immigrant.",https://pbs.twimg.com/profile_images/577532169943306240/pBEz9eH6_normal.jpeg,https://twitter.com/stefpos,Stefanie,Posavec,(South) London-centric,https://t.co/y4MJjCq3jU,2001,10800,7799,no,London,UK,
@StorydataBcn,Storydata,"Agència de periodistes  impulsives motivades per transformar les dades en relats periodístics |
Join us http://t.me/StoryData",https://pbs.twimg.com/profile_images/966749626098421760/_NFIj4Fz_normal.jpg,https://twitter.com/StorydataBcn,Storydata,Storydata,"Barcelona, España",https://t.co/QxR8UyvyCW,470,471,442,no,Barcelona,Spain,
@suchitchavez,Suchit Chávez,Periodista,https://pbs.twimg.com/profile_images/1877568967/posando_20chafa_normal.jpg,https://twitter.com/suchitchavez,Suchit,Chávez,,undefined,2497,2525,2358,no,,,
@tabularasafa,Wan Ulfa Nur Zuhra,Journalist at @TirtoID @bhameastside I Data Journalism student at @BCUMedia | Founder @IDJ_Network #ddj,https://pbs.twimg.com/profile_images/971142015323918337/IUvAA3ii_normal.jpg,https://twitter.com/tabularasafa,Wan,Ulfa Nur,Indonesia,https://twitter.com/TirtoID,993,1076,18500,no,Jakarta,Indonesia,
@Tatta25,Tatiana Velásquez,Periodista. Life is what happens to you while you're busy making other plans: Lennon. Interesada en #DDJ gracias a @m_investigacion.,https://pbs.twimg.com/profile_images/2255607728/Tatiana_normal.jpg,https://twitter.com/Tatta25,Tatiana,Velásquez,"Barranquilla, Colombia",https://t.co/cHKi5Amx3V,2217,2157,12900,no,Barranquilla,Colombia,
@ThatStellar,Stellar Murumba,"Project Manager @Code4Kenya @Code4Africa Health• Data• Investigative Journalism, #BloombergFellow #impactAFRICAFellow #A4T #SolutionsJourno #WanaData my views",https://pbs.twimg.com/profile_images/835066455947358208/0pYpGgCf_normal.jpg,https://twitter.com/ThatStellar,Stellar,Murumba,Kenya,https://t.co/uIv8DK3bFc,1193,2205,12100,no,Nairoby,Kenya,
@valerie_ouellet,Valérie Ouellet,Senior Data Journalist with @CBCNews. Part of Canada's #ParadisePapers team. Currently investigating ticket scalping. Email with tips: valerie.ouellet@cbc.ca,https://pbs.twimg.com/profile_images/929783426890297346/NlFb68yV_normal.jpg,https://twitter.com/valerie_ouellet,Valérie,Ouellet,"Toronto, ON",https://t.co/HH5qiJAs2j,619,1308,3008,Cuenta verificada,Toronto,Canada,
@VeritaRa,Verónica Ramírez,Journalist in @sextanoticias. Me nutrí de #ddj y #transparencia en @M_Investigacion y veo #datos everywhere. Siempre aprendiendo. PGP http://goo.gl/EyrEza,https://pbs.twimg.com/profile_images/972286275196735488/oTY5DQuM_normal.jpg,https://twitter.com/VeritaRa,Verónica,Ramírez,"Madrid, Comunidad de Madrid",undefined,961,1407,2983,no,Madrid,Spain,
@VictriaVic,Vic Oliveres,"Victòria Oliveres. Periodista. Data journalism, interactivity & video. Now MA DJ at @BCUmedia  #ddj #dataviz
He crescut a @La_Directa i @DiariEducacio",https://pbs.twimg.com/profile_images/726901005196091393/2-7bmXGa_normal.jpg,https://twitter.com/VictriaVic,Vic,Oliveres,Birmingham / Barcelona,https://t.co/GBLxK866Md,2806,834,1910,no,Barcelona,Spain,
@ximenavillab,Ximena Villagrán,Mi versión mejorada la crearon en @M_Investigacion | Fellow 2016 de @SchoolOfData @EscuelaDeDatos | Freelance y en @_El_Intercambio #DDJ #periodismodatos,https://pbs.twimg.com/profile_images/838752006630166529/UlAfhsxV_normal.jpg,https://twitter.com/ximenavillab,Ximena,Villagrán,Guatemala - España,undefined,971,1633,19900,no,Ciudad de Guatemala,Guatemala,
@yanronconi,Yanina Ronconi,Diseñadora multimedia y colaboradora en proyectos de Data para @lanacion y @lndata,https://pbs.twimg.com/profile_images/378800000296354795/b79cb48627d40b392cf2217f85c737fd_normal.jpeg,https://twitter.com/yanronconi,Yanina,Ronconi,Buenos Aires,http://t.co/WSJmOHWLsk,327,975,2571,no,Buenos Aires,Argentina,
@YulyJara,Yuly Jara,Periodista. #Investigación #Datos y #Transparencia.  #ddj Puedes escribirme por Telegram a [@]jarag CLAVE PGP: http://bit.ly/2fyzKtc,https://pbs.twimg.com/profile_images/1011017630684151808/sMOFhhcn_normal.jpg,https://twitter.com/YulyJara,Yuly,Jara,,https://t.co/PNKzFaCs6C,985,730,4582,no,,,
@zehnzehen,uli koeppen,journo + team lead @br_data Harvard Nieman Fellow '19 @butterland_team @ddjmonaco #ddj #investigation #storytelling,https://pbs.twimg.com/profile_images/991310055118180354/0bp1DduP_normal.jpg,https://twitter.com/zehnzehen,uli,koeppen,München,https://t.co/Z6QHtLgvXL,1757,1777,2613,no,München,Germany,
@zuzanneta,Susana Zavala-Orozco,"Quien controla el pasado controla el futuro. Quien controla el presente controla el pasado”, 1984, George Orwell",https://pbs.twimg.com/profile_images/768642895846879234/boJ4vh7o_normal.jpg,https://twitter.com/zuzanneta,Susana,Zavala-Orozco,Mexico,undefined,677,368,1266,no,Mexico,Mexico,
@rocioromerox,Rocío Lizbetty Romero Benites,Periodista de datos / Sanmarquina,https://pbs.twimg.com/profile_images/1020073052942602241/T4d52aar.jpg,twitter.com/rocioromerox,Rocío,Romero,Lima,https://twitter.com/rocioromerox?s=01,967,497,,no,Lima,Peru,https://www.linkedin.com/in/rocío-romero-benites-457031115/
